/bin/bash: /Users/chrisleatherwood/Desktop/scale-builder/auto-push-watcher.sh: Operation not permitted
/bin/bash: /Users/chrisleatherwood/Desktop/scale-builder/auto-push-watcher.sh: Operation not permitted
/bin/bash: /Users/chrisleatherwood/Desktop/scale-builder/auto-push-watcher.sh: Operation not permitted
/bin/bash: /Users/chrisleatherwood/Desktop/scale-builder/auto-push-watcher.sh: Operation not permitted
/bin/bash: /Users/chrisleatherwood/Desktop/scale-builder/auto-push-watcher.sh: Operation not permitted
/bin/bash: /Users/chrisleatherwood/Desktop/scale-builder/auto-push-watcher.sh: Operation not permitted
/bin/bash: /Users/chrisleatherwood/Desktop/scale-builder/auto-push-watcher.sh: Operation not permitted
/bin/bash: /Users/chrisleatherwood/Desktop/scale-builder/auto-push-watcher.sh: Operation not permitted
/bin/bash: /Users/chrisleatherwood/Desktop/scale-builder/auto-push-watcher.sh: Operation not permitted
/bin/bash: /Users/chrisleatherwood/Desktop/scale-builder/auto-push-watcher.sh: Operation not permitted
/bin/bash: /Users/chrisleatherwood/Desktop/scale-builder/auto-push-watcher.sh: Operation not permitted
/bin/bash: /Users/chrisleatherwood/Desktop/scale-builder/auto-push-watcher.sh: Operation not permitted
/bin/bash: /Users/chrisleatherwood/Desktop/scale-builder/auto-push-watcher.sh: Operation not permitted
/bin/bash: /Users/chrisleatherwood/Desktop/scale-builder/auto-push-watcher.sh: Operation not permitted
/bin/bash: /Users/chrisleatherwood/Desktop/scale-builder/auto-push-watcher.sh: Operation not permitted
/bin/bash: /Users/chrisleatherwood/Desktop/scale-builder/auto-push-watcher.sh: Operation not permitted
/bin/bash: /Users/chrisleatherwood/Desktop/scale-builder/auto-push-watcher.sh: Operation not permitted
/bin/bash: /Users/chrisleatherwood/Desktop/scale-builder/auto-push-watcher.sh: Operation not permitted
/bin/bash: /Users/chrisleatherwood/Desktop/scale-builder/auto-push-watcher.sh: Operation not permitted
/bin/bash: /Users/chrisleatherwood/Desktop/scale-builder/auto-push-watcher.sh: Operation not permitted
/bin/bash: /Users/chrisleatherwood/Desktop/scale-builder/auto-push-watcher.sh: Operation not permitted
/bin/bash: /Users/chrisleatherwood/Desktop/scale-builder/auto-push-watcher.sh: Operation not permitted
/bin/bash: /Users/chrisleatherwood/Desktop/scale-builder/auto-push-watcher.sh: Operation not permitted
/bin/bash: /Users/chrisleatherwood/Desktop/scale-builder/auto-push-watcher.sh: Operation not permitted
/bin/bash: /Users/chrisleatherwood/Desktop/scale-builder/auto-push-watcher.sh: Operation not permitted
/bin/bash: /Users/chrisleatherwood/Desktop/scale-builder/auto-push-watcher.sh: Operation not permitted
/bin/bash: /Users/chrisleatherwood/Desktop/scale-builder/auto-push-watcher.sh: Operation not permitted
/bin/bash: /Users/chrisleatherwood/Desktop/scale-builder/auto-push-watcher.sh: Operation not permitted
/bin/bash: /Users/chrisleatherwood/Desktop/scale-builder/auto-push-watcher.sh: Operation not permitted
/bin/bash: /Users/chrisleatherwood/Desktop/scale-builder/auto-push-watcher.sh: Operation not permitted
/bin/bash: /Users/chrisleatherwood/Desktop/scale-builder/auto-push-watcher.sh: Operation not permitted
/bin/bash: /Users/chrisleatherwood/Desktop/scale-builder/auto-push-watcher.sh: Operation not permitted
[Wed Apr  8 19:56:21 CDT 2026] Scale-builder auto-push watcher started.
[main a3dec51] Auto-save: 2026-04-08 19:56:47
 5 files changed, 140 insertions(+)
 create mode 100644 .watcher-test
 create mode 100644 .watcher.log
 create mode 100644 auto-push-setup.sh
 create mode 100755 auto-push-watcher.sh
 create mode 100644 setup-zshrc.sh
fatal: could not read Username for 'https://github.com': Input/output error
[Wed Apr  8 19:56:48 CDT 2026] Push failed. Will retry on next change.
[main 7421989] Auto-save: 2026-04-08 19:56:52
 1 file changed, 9 insertions(+)
fatal: could not read Username for 'https://github.com': Input/output error
[Wed Apr  8 19:56:53 CDT 2026] Push failed. Will retry on next change.
[main 091c5bf] Auto-save: 2026-04-08 19:56:58
 1 file changed, 4 insertions(+)
fatal: could not read Username for 'https://github.com': Input/output error
[Wed Apr  8 19:56:58 CDT 2026] Push failed. Will retry on next change.
fatal: Unable to create '/Users/chrisleatherwood/Desktop/scale-builder/.git/index.lock': File exists.

Another git process seems to be running in this repository, e.g.
an editor opened by 'git commit'. Please make sure all processes
are terminated then try again. If it still fails, a git process
may have crashed in this repository earlier:
remove the file manually to continue.
fatal: could not read Username for 'https://github.com': Input/output error
[Wed Apr  8 19:57:03 CDT 2026] Push failed. Will retry on next change.
fatal: Unable to create '/Users/chrisleatherwood/Desktop/scale-builder/.git/index.lock': File exists.

Another git process seems to be running in this repository, e.g.
an editor opened by 'git commit'. Please make sure all processes
are terminated then try again. If it still fails, a git process
may have crashed in this repository earlier:
remove the file manually to continue.
fatal: could not read Username for 'https://github.com': Input/output error
[Wed Apr  8 19:57:07 CDT 2026] Push failed. Will retry on next change.
fatal: Unable to create '/Users/chrisleatherwood/Desktop/scale-builder/.git/index.lock': File exists.

Another git process seems to be running in this repository, e.g.
an editor opened by 'git commit'. Please make sure all processes
are terminated then try again. If it still fails, a git process
may have crashed in this repository earlier:
remove the file manually to continue.
fatal: could not read Username for 'https://github.com': Input/output error
[Wed Apr  8 19:57:12 CDT 2026] Push failed. Will retry on next change.
fatal: Unable to create '/Users/chrisleatherwood/Desktop/scale-builder/.git/index.lock': File exists.

Another git process seems to be running in this repository, e.g.
an editor opened by 'git commit'. Please make sure all processes
are terminated then try again. If it still fails, a git process
may have crashed in this repository earlier:
remove the file manually to continue.
fatal: could not read Username for 'https://github.com': Input/output error
[Wed Apr  8 19:57:16 CDT 2026] Push failed. Will retry on next change.
fatal: Unable to create '/Users/chrisleatherwood/Desktop/scale-builder/.git/index.lock': File exists.

Another git process seems to be running in this repository, e.g.
an editor opened by 'git commit'. Please make sure all processes
are terminated then try again. If it still fails, a git process
may have crashed in this repository earlier:
remove the file manually to continue.
fatal: could not read Username for 'https://github.com': Input/output error
[Wed Apr  8 19:57:20 CDT 2026] Push failed. Will retry on next change.
fatal: Unable to create '/Users/chrisleatherwood/Desktop/scale-builder/.git/index.lock': File exists.

Another git process seems to be running in this repository, e.g.
an editor opened by 'git commit'. Please make sure all processes
are terminated then try again. If it still fails, a git process
may have crashed in this repository earlier:
remove the file manually to continue.
fatal: could not read Username for 'https://github.com': Input/output error
[Wed Apr  8 19:57:25 CDT 2026] Push failed. Will retry on next change.
fatal: Unable to create '/Users/chrisleatherwood/Desktop/scale-builder/.git/index.lock': File exists.

Another git process seems to be running in this repository, e.g.
an editor opened by 'git commit'. Please make sure all processes
are terminated then try again. If it still fails, a git process
may have crashed in this repository earlier:
remove the file manually to continue.
fatal: could not read Username for 'https://github.com': Input/output error
[Wed Apr  8 19:57:29 CDT 2026] Push failed. Will retry on next change.
fatal: Unable to create '/Users/chrisleatherwood/Desktop/scale-builder/.git/index.lock': File exists.

Another git process seems to be running in this repository, e.g.
an editor opened by 'git commit'. Please make sure all processes
are terminated then try again. If it still fails, a git process
may have crashed in this repository earlier:
remove the file manually to continue.
fatal: could not read Username for 'https://github.com': Input/output error
[Wed Apr  8 19:57:33 CDT 2026] Push failed. Will retry on next change.
fatal: Unable to create '/Users/chrisleatherwood/Desktop/scale-builder/.git/index.lock': File exists.

Another git process seems to be running in this repository, e.g.
an editor opened by 'git commit'. Please make sure all processes
are terminated then try again. If it still fails, a git process
may have crashed in this repository earlier:
remove the file manually to continue.
fatal: could not read Username for 'https://github.com': Input/output error
[Wed Apr  8 19:57:38 CDT 2026] Push failed. Will retry on next change.
fatal: Unable to create '/Users/chrisleatherwood/Desktop/scale-builder/.git/index.lock': File exists.

Another git process seems to be running in this repository, e.g.
an editor opened by 'git commit'. Please make sure all processes
are terminated then try again. If it still fails, a git process
may have crashed in this repository earlier:
remove the file manually to continue.
fatal: could not read Username for 'https://github.com': Input/output error
[Wed Apr  8 19:57:42 CDT 2026] Push failed. Will retry on next change.
fatal: Unable to create '/Users/chrisleatherwood/Desktop/scale-builder/.git/index.lock': File exists.

Another git process seems to be running in this repository, e.g.
an editor opened by 'git commit'. Please make sure all processes
are terminated then try again. If it still fails, a git process
may have crashed in this repository earlier:
remove the file manually to continue.
fatal: could not read Username for 'https://github.com': Input/output error
[Wed Apr  8 19:57:47 CDT 2026] Push failed. Will retry on next change.
fatal: Unable to create '/Users/chrisleatherwood/Desktop/scale-builder/.git/index.lock': File exists.

Another git process seems to be running in this repository, e.g.
an editor opened by 'git commit'. Please make sure all processes
are terminated then try again. If it still fails, a git process
may have crashed in this repository earlier:
remove the file manually to continue.
fatal: could not read Username for 'https://github.com': Input/output error
[Wed Apr  8 19:57:51 CDT 2026] Push failed. Will retry on next change.
fatal: Unable to create '/Users/chrisleatherwood/Desktop/scale-builder/.git/index.lock': File exists.

Another git process seems to be running in this repository, e.g.
an editor opened by 'git commit'. Please make sure all processes
are terminated then try again. If it still fails, a git process
may have crashed in this repository earlier:
remove the file manually to continue.
fatal: could not read Username for 'https://github.com': Input/output error
[Wed Apr  8 19:57:55 CDT 2026] Push failed. Will retry on next change.
fatal: Unable to create '/Users/chrisleatherwood/Desktop/scale-builder/.git/index.lock': File exists.

Another git process seems to be running in this repository, e.g.
an editor opened by 'git commit'. Please make sure all processes
are terminated then try again. If it still fails, a git process
may have crashed in this repository earlier:
remove the file manually to continue.
fatal: could not read Username for 'https://github.com': Input/output error
[Wed Apr  8 19:58:00 CDT 2026] Push failed. Will retry on next change.
fatal: Unable to create '/Users/chrisleatherwood/Desktop/scale-builder/.git/index.lock': File exists.

Another git process seems to be running in this repository, e.g.
an editor opened by 'git commit'. Please make sure all processes
are terminated then try again. If it still fails, a git process
may have crashed in this repository earlier:
remove the file manually to continue.
fatal: could not read Username for 'https://github.com': Input/output error
[Wed Apr  8 19:58:04 CDT 2026] Push failed. Will retry on next change.
fatal: Unable to create '/Users/chrisleatherwood/Desktop/scale-builder/.git/index.lock': File exists.

Another git process seems to be running in this repository, e.g.
an editor opened by 'git commit'. Please make sure all processes
are terminated then try again. If it still fails, a git process
may have crashed in this repository earlier:
remove the file manually to continue.
fatal: could not read Username for 'https://github.com': Input/output error
[Wed Apr  8 19:58:08 CDT 2026] Push failed. Will retry on next change.
fatal: Unable to create '/Users/chrisleatherwood/Desktop/scale-builder/.git/index.lock': File exists.

Another git process seems to be running in this repository, e.g.
an editor opened by 'git commit'. Please make sure all processes
are terminated then try again. If it still fails, a git process
may have crashed in this repository earlier:
remove the file manually to continue.
fatal: could not read Username for 'https://github.com': Input/output error
[Wed Apr  8 19:58:13 CDT 2026] Push failed. Will retry on next change.
fatal: Unable to create '/Users/chrisleatherwood/Desktop/scale-builder/.git/index.lock': File exists.

Another git process seems to be running in this repository, e.g.
an editor opened by 'git commit'. Please make sure all processes
are terminated then try again. If it still fails, a git process
may have crashed in this repository earlier:
remove the file manually to continue.
fatal: could not read Username for 'https://github.com': Input/output error
[Wed Apr  8 19:58:17 CDT 2026] Push failed. Will retry on next change.
fatal: Unable to create '/Users/chrisleatherwood/Desktop/scale-builder/.git/index.lock': File exists.

Another git process seems to be running in this repository, e.g.
an editor opened by 'git commit'. Please make sure all processes
are terminated then try again. If it still fails, a git process
may have crashed in this repository earlier:
remove the file manually to continue.
fatal: could not read Username for 'https://github.com': Input/output error
[Wed Apr  8 19:58:22 CDT 2026] Push failed. Will retry on next change.
fatal: Unable to create '/Users/chrisleatherwood/Desktop/scale-builder/.git/index.lock': File exists.

Another git process seems to be running in this repository, e.g.
an editor opened by 'git commit'. Please make sure all processes
are terminated then try again. If it still fails, a git process
may have crashed in this repository earlier:
remove the file manually to continue.
fatal: could not read Username for 'https://github.com': Input/output error
[Wed Apr  8 19:58:26 CDT 2026] Push failed. Will retry on next change.
fatal: Unable to create '/Users/chrisleatherwood/Desktop/scale-builder/.git/index.lock': File exists.

Another git process seems to be running in this repository, e.g.
an editor opened by 'git commit'. Please make sure all processes
are terminated then try again. If it still fails, a git process
may have crashed in this repository earlier:
remove the file manually to continue.
fatal: could not read Username for 'https://github.com': Device not configured
[Wed Apr  8 19:58:30 CDT 2026] Push failed. Will retry on next change.
fatal: Unable to create '/Users/chrisleatherwood/Desktop/scale-builder/.git/index.lock': File exists.

Another git process seems to be running in this repository, e.g.
an editor opened by 'git commit'. Please make sure all processes
are terminated then try again. If it still fails, a git process
may have crashed in this repository earlier:
remove the file manually to continue.
fatal: could not read Username for 'https://github.com': Device not configured
[Wed Apr  8 19:58:35 CDT 2026] Push failed. Will retry on next change.
fatal: Unable to create '/Users/chrisleatherwood/Desktop/scale-builder/.git/index.lock': File exists.

Another git process seems to be running in this repository, e.g.
an editor opened by 'git commit'. Please make sure all processes
are terminated then try again. If it still fails, a git process
may have crashed in this repository earlier:
remove the file manually to continue.
fatal: could not read Username for 'https://github.com': Device not configured
[Wed Apr  8 19:58:39 CDT 2026] Push failed. Will retry on next change.
fatal: Unable to create '/Users/chrisleatherwood/Desktop/scale-builder/.git/index.lock': File exists.

Another git process seems to be running in this repository, e.g.
an editor opened by 'git commit'. Please make sure all processes
are terminated then try again. If it still fails, a git process
may have crashed in this repository earlier:
remove the file manually to continue.
fatal: could not read Username for 'https://github.com': Device not configured
[Wed Apr  8 19:58:43 CDT 2026] Push failed. Will retry on next change.
fatal: Unable to create '/Users/chrisleatherwood/Desktop/scale-builder/.git/index.lock': File exists.

Another git process seems to be running in this repository, e.g.
an editor opened by 'git commit'. Please make sure all processes
are terminated then try again. If it still fails, a git process
may have crashed in this repository earlier:
remove the file manually to continue.
fatal: could not read Username for 'https://github.com': Device not configured
[Wed Apr  8 19:58:48 CDT 2026] Push failed. Will retry on next change.
fatal: Unable to create '/Users/chrisleatherwood/Desktop/scale-builder/.git/index.lock': File exists.

Another git process seems to be running in this repository, e.g.
an editor opened by 'git commit'. Please make sure all processes
are terminated then try again. If it still fails, a git process
may have crashed in this repository earlier:
remove the file manually to continue.
fatal: could not read Username for 'https://github.com': Device not configured
[Wed Apr  8 19:58:52 CDT 2026] Push failed. Will retry on next change.
fatal: Unable to create '/Users/chrisleatherwood/Desktop/scale-builder/.git/index.lock': File exists.

Another git process seems to be running in this repository, e.g.
an editor opened by 'git commit'. Please make sure all processes
are terminated then try again. If it still fails, a git process
may have crashed in this repository earlier:
remove the file manually to continue.
fatal: could not read Username for 'https://github.com': Device not configured
[Wed Apr  8 19:58:56 CDT 2026] Push failed. Will retry on next change.
fatal: Unable to create '/Users/chrisleatherwood/Desktop/scale-builder/.git/index.lock': File exists.

Another git process seems to be running in this repository, e.g.
an editor opened by 'git commit'. Please make sure all processes
are terminated then try again. If it still fails, a git process
may have crashed in this repository earlier:
remove the file manually to continue.
fatal: could not read Username for 'https://github.com': Device not configured
[Wed Apr  8 19:59:01 CDT 2026] Push failed. Will retry on next change.
fatal: Unable to create '/Users/chrisleatherwood/Desktop/scale-builder/.git/index.lock': File exists.

Another git process seems to be running in this repository, e.g.
an editor opened by 'git commit'. Please make sure all processes
are terminated then try again. If it still fails, a git process
may have crashed in this repository earlier:
remove the file manually to continue.
fatal: could not read Username for 'https://github.com': Device not configured
[Wed Apr  8 19:59:05 CDT 2026] Push failed. Will retry on next change.
fatal: Unable to create '/Users/chrisleatherwood/Desktop/scale-builder/.git/index.lock': File exists.

Another git process seems to be running in this repository, e.g.
an editor opened by 'git commit'. Please make sure all processes
are terminated then try again. If it still fails, a git process
may have crashed in this repository earlier:
remove the file manually to continue.
fatal: could not read Username for 'https://github.com': Device not configured
[Wed Apr  8 19:59:09 CDT 2026] Push failed. Will retry on next change.
fatal: Unable to create '/Users/chrisleatherwood/Desktop/scale-builder/.git/index.lock': File exists.

Another git process seems to be running in this repository, e.g.
an editor opened by 'git commit'. Please make sure all processes
are terminated then try again. If it still fails, a git process
may have crashed in this repository earlier:
remove the file manually to continue.
fatal: could not read Username for 'https://github.com': Device not configured
[Wed Apr  8 19:59:14 CDT 2026] Push failed. Will retry on next change.
fatal: Unable to create '/Users/chrisleatherwood/Desktop/scale-builder/.git/index.lock': File exists.

Another git process seems to be running in this repository, e.g.
an editor opened by 'git commit'. Please make sure all processes
are terminated then try again. If it still fails, a git process
may have crashed in this repository earlier:
remove the file manually to continue.
fatal: could not read Username for 'https://github.com': Device not configured
[Wed Apr  8 19:59:18 CDT 2026] Push failed. Will retry on next change.
fatal: Unable to create '/Users/chrisleatherwood/Desktop/scale-builder/.git/index.lock': File exists.

Another git process seems to be running in this repository, e.g.
an editor opened by 'git commit'. Please make sure all processes
are terminated then try again. If it still fails, a git process
may have crashed in this repository earlier:
remove the file manually to continue.
fatal: could not read Username for 'https://github.com': Device not configured
[Wed Apr  8 19:59:23 CDT 2026] Push failed. Will retry on next change.
fatal: Unable to create '/Users/chrisleatherwood/Desktop/scale-builder/.git/index.lock': File exists.

Another git process seems to be running in this repository, e.g.
an editor opened by 'git commit'. Please make sure all processes
are terminated then try again. If it still fails, a git process
may have crashed in this repository earlier:
remove the file manually to continue.
fatal: could not read Username for 'https://github.com': Device not configured
[Wed Apr  8 19:59:27 CDT 2026] Push failed. Will retry on next change.
fatal: Unable to create '/Users/chrisleatherwood/Desktop/scale-builder/.git/index.lock': File exists.

Another git process seems to be running in this repository, e.g.
an editor opened by 'git commit'. Please make sure all processes
are terminated then try again. If it still fails, a git process
may have crashed in this repository earlier:
remove the file manually to continue.
fatal: could not read Username for 'https://github.com': Device not configured
[Wed Apr  8 19:59:31 CDT 2026] Push failed. Will retry on next change.
fatal: Unable to create '/Users/chrisleatherwood/Desktop/scale-builder/.git/index.lock': File exists.

Another git process seems to be running in this repository, e.g.
an editor opened by 'git commit'. Please make sure all processes
are terminated then try again. If it still fails, a git process
may have crashed in this repository earlier:
remove the file manually to continue.
fatal: could not read Username for 'https://github.com': Device not configured
[Wed Apr  8 19:59:36 CDT 2026] Push failed. Will retry on next change.
fatal: Unable to create '/Users/chrisleatherwood/Desktop/scale-builder/.git/index.lock': File exists.

Another git process seems to be running in this repository, e.g.
an editor opened by 'git commit'. Please make sure all processes
are terminated then try again. If it still fails, a git process
may have crashed in this repository earlier:
remove the file manually to continue.
Host key verification failed.
fatal: Could not read from remote repository.

Please make sure you have the correct access rights
and the repository exists.
[Wed Apr  8 19:59:40 CDT 2026] Push failed. Will retry on next change.
fatal: Unable to create '/Users/chrisleatherwood/Desktop/scale-builder/.git/index.lock': File exists.

Another git process seems to be running in this repository, e.g.
an editor opened by 'git commit'. Please make sure all processes
are terminated then try again. If it still fails, a git process
may have crashed in this repository earlier:
remove the file manually to continue.
Host key verification failed.
fatal: Could not read from remote repository.

Please make sure you have the correct access rights
and the repository exists.
[Wed Apr  8 19:59:44 CDT 2026] Push failed. Will retry on next change.
fatal: Unable to create '/Users/chrisleatherwood/Desktop/scale-builder/.git/index.lock': File exists.

Another git process seems to be running in this repository, e.g.
an editor opened by 'git commit'. Please make sure all processes
are terminated then try again. If it still fails, a git process
may have crashed in this repository earlier:
remove the file manually to continue.
Host key verification failed.
fatal: Could not read from remote repository.

Please make sure you have the correct access rights
and the repository exists.
[Wed Apr  8 19:59:49 CDT 2026] Push failed. Will retry on next change.
fatal: Unable to create '/Users/chrisleatherwood/Desktop/scale-builder/.git/index.lock': File exists.

Another git process seems to be running in this repository, e.g.
an editor opened by 'git commit'. Please make sure all processes
are terminated then try again. If it still fails, a git process
may have crashed in this repository earlier:
remove the file manually to continue.
Host key verification failed.
fatal: Could not read from remote repository.

Please make sure you have the correct access rights
and the repository exists.
[Wed Apr  8 19:59:53 CDT 2026] Push failed. Will retry on next change.
fatal: Unable to create '/Users/chrisleatherwood/Desktop/scale-builder/.git/index.lock': File exists.

Another git process seems to be running in this repository, e.g.
an editor opened by 'git commit'. Please make sure all processes
are terminated then try again. If it still fails, a git process
may have crashed in this repository earlier:
remove the file manually to continue.
Host key verification failed.
fatal: Could not read from remote repository.

Please make sure you have the correct access rights
and the repository exists.
[Wed Apr  8 19:59:57 CDT 2026] Push failed. Will retry on next change.
fatal: Unable to create '/Users/chrisleatherwood/Desktop/scale-builder/.git/index.lock': File exists.

Another git process seems to be running in this repository, e.g.
an editor opened by 'git commit'. Please make sure all processes
are terminated then try again. If it still fails, a git process
may have crashed in this repository earlier:
remove the file manually to continue.
Host key verification failed.
fatal: Could not read from remote repository.

Please make sure you have the correct access rights
and the repository exists.
[Wed Apr  8 20:00:02 CDT 2026] Push failed. Will retry on next change.
fatal: Unable to create '/Users/chrisleatherwood/Desktop/scale-builder/.git/index.lock': File exists.

Another git process seems to be running in this repository, e.g.
an editor opened by 'git commit'. Please make sure all processes
are terminated then try again. If it still fails, a git process
may have crashed in this repository earlier:
remove the file manually to continue.
Host key verification failed.
fatal: Could not read from remote repository.

Please make sure you have the correct access rights
and the repository exists.
[Wed Apr  8 20:00:06 CDT 2026] Push failed. Will retry on next change.
fatal: Unable to create '/Users/chrisleatherwood/Desktop/scale-builder/.git/index.lock': File exists.

Another git process seems to be running in this repository, e.g.
an editor opened by 'git commit'. Please make sure all processes
are terminated then try again. If it still fails, a git process
may have crashed in this repository earlier:
remove the file manually to continue.
Host key verification failed.
fatal: Could not read from remote repository.

Please make sure you have the correct access rights
and the repository exists.
[Wed Apr  8 20:00:11 CDT 2026] Push failed. Will retry on next change.
fatal: Unable to create '/Users/chrisleatherwood/Desktop/scale-builder/.git/index.lock': File exists.

Another git process seems to be running in this repository, e.g.
an editor opened by 'git commit'. Please make sure all processes
are terminated then try again. If it still fails, a git process
may have crashed in this repository earlier:
remove the file manually to continue.
Host key verification failed.
fatal: Could not read from remote repository.

Please make sure you have the correct access rights
and the repository exists.
[Wed Apr  8 20:00:15 CDT 2026] Push failed. Will retry on next change.
fatal: Unable to create '/Users/chrisleatherwood/Desktop/scale-builder/.git/index.lock': File exists.

Another git process seems to be running in this repository, e.g.
an editor opened by 'git commit'. Please make sure all processes
are terminated then try again. If it still fails, a git process
may have crashed in this repository earlier:
remove the file manually to continue.
Host key verification failed.
fatal: Could not read from remote repository.

Please make sure you have the correct access rights
and the repository exists.
[Wed Apr  8 20:00:19 CDT 2026] Push failed. Will retry on next change.
fatal: Unable to create '/Users/chrisleatherwood/Desktop/scale-builder/.git/index.lock': File exists.

Another git process seems to be running in this repository, e.g.
an editor opened by 'git commit'. Please make sure all processes
are terminated then try again. If it still fails, a git process
may have crashed in this repository earlier:
remove the file manually to continue.
Host key verification failed.
fatal: Could not read from remote repository.

Please make sure you have the correct access rights
and the repository exists.
[Wed Apr  8 20:00:24 CDT 2026] Push failed. Will retry on next change.
fatal: Unable to create '/Users/chrisleatherwood/Desktop/scale-builder/.git/index.lock': File exists.

Another git process seems to be running in this repository, e.g.
an editor opened by 'git commit'. Please make sure all processes
are terminated then try again. If it still fails, a git process
may have crashed in this repository earlier:
remove the file manually to continue.
Host key verification failed.
fatal: Could not read from remote repository.

Please make sure you have the correct access rights
and the repository exists.
[Wed Apr  8 20:00:29 CDT 2026] Push failed. Will retry on next change.
fatal: Unable to create '/Users/chrisleatherwood/Desktop/scale-builder/.git/index.lock': File exists.

Another git process seems to be running in this repository, e.g.
an editor opened by 'git commit'. Please make sure all processes
are terminated then try again. If it still fails, a git process
may have crashed in this repository earlier:
remove the file manually to continue.
Host key verification failed.
fatal: Could not read from remote repository.

Please make sure you have the correct access rights
and the repository exists.
[Wed Apr  8 20:00:33 CDT 2026] Push failed. Will retry on next change.
fatal: Unable to create '/Users/chrisleatherwood/Desktop/scale-builder/.git/index.lock': File exists.

Another git process seems to be running in this repository, e.g.
an editor opened by 'git commit'. Please make sure all processes
are terminated then try again. If it still fails, a git process
may have crashed in this repository earlier:
remove the file manually to continue.
Host key verification failed.
fatal: Could not read from remote repository.

Please make sure you have the correct access rights
and the repository exists.
[Wed Apr  8 20:00:37 CDT 2026] Push failed. Will retry on next change.
fatal: Unable to create '/Users/chrisleatherwood/Desktop/scale-builder/.git/index.lock': File exists.

Another git process seems to be running in this repository, e.g.
an editor opened by 'git commit'. Please make sure all processes
are terminated then try again. If it still fails, a git process
may have crashed in this repository earlier:
remove the file manually to continue.
Host key verification failed.
fatal: Could not read from remote repository.

Please make sure you have the correct access rights
and the repository exists.
[Wed Apr  8 20:00:42 CDT 2026] Push failed. Will retry on next change.
fatal: Unable to create '/Users/chrisleatherwood/Desktop/scale-builder/.git/index.lock': File exists.

Another git process seems to be running in this repository, e.g.
an editor opened by 'git commit'. Please make sure all processes
are terminated then try again. If it still fails, a git process
may have crashed in this repository earlier:
remove the file manually to continue.
Host key verification failed.
fatal: Could not read from remote repository.

Please make sure you have the correct access rights
and the repository exists.
[Wed Apr  8 20:00:46 CDT 2026] Push failed. Will retry on next change.
fatal: Unable to create '/Users/chrisleatherwood/Desktop/scale-builder/.git/index.lock': File exists.

Another git process seems to be running in this repository, e.g.
an editor opened by 'git commit'. Please make sure all processes
are terminated then try again. If it still fails, a git process
may have crashed in this repository earlier:
remove the file manually to continue.
Host key verification failed.
fatal: Could not read from remote repository.

Please make sure you have the correct access rights
and the repository exists.
[Wed Apr  8 20:00:50 CDT 2026] Push failed. Will retry on next change.
fatal: Unable to create '/Users/chrisleatherwood/Desktop/scale-builder/.git/index.lock': File exists.

Another git process seems to be running in this repository, e.g.
an editor opened by 'git commit'. Please make sure all processes
are terminated then try again. If it still fails, a git process
may have crashed in this repository earlier:
remove the file manually to continue.
Host key verification failed.
fatal: Could not read from remote repository.

Please make sure you have the correct access rights
and the repository exists.
[Wed Apr  8 20:00:54 CDT 2026] Push failed. Will retry on next change.
fatal: Unable to create '/Users/chrisleatherwood/Desktop/scale-builder/.git/index.lock': File exists.

Another git process seems to be running in this repository, e.g.
an editor opened by 'git commit'. Please make sure all processes
are terminated then try again. If it still fails, a git process
may have crashed in this repository earlier:
remove the file manually to continue.
Host key verification failed.
fatal: Could not read from remote repository.

Please make sure you have the correct access rights
and the repository exists.
[Wed Apr  8 20:00:59 CDT 2026] Push failed. Will retry on next change.
fatal: Unable to create '/Users/chrisleatherwood/Desktop/scale-builder/.git/index.lock': File exists.

Another git process seems to be running in this repository, e.g.
an editor opened by 'git commit'. Please make sure all processes
are terminated then try again. If it still fails, a git process
may have crashed in this repository earlier:
remove the file manually to continue.
Host key verification failed.
fatal: Could not read from remote repository.

Please make sure you have the correct access rights
and the repository exists.
[Wed Apr  8 20:01:03 CDT 2026] Push failed. Will retry on next change.
fatal: Unable to create '/Users/chrisleatherwood/Desktop/scale-builder/.git/index.lock': File exists.

Another git process seems to be running in this repository, e.g.
an editor opened by 'git commit'. Please make sure all processes
are terminated then try again. If it still fails, a git process
may have crashed in this repository earlier:
remove the file manually to continue.
Host key verification failed.
fatal: Could not read from remote repository.

Please make sure you have the correct access rights
and the repository exists.
[Wed Apr  8 20:01:07 CDT 2026] Push failed. Will retry on next change.
fatal: Unable to create '/Users/chrisleatherwood/Desktop/scale-builder/.git/index.lock': File exists.

Another git process seems to be running in this repository, e.g.
an editor opened by 'git commit'. Please make sure all processes
are terminated then try again. If it still fails, a git process
may have crashed in this repository earlier:
remove the file manually to continue.
Host key verification failed.
fatal: Could not read from remote repository.

Please make sure you have the correct access rights
and the repository exists.
[Wed Apr  8 20:01:12 CDT 2026] Push failed. Will retry on next change.
fatal: Unable to create '/Users/chrisleatherwood/Desktop/scale-builder/.git/index.lock': File exists.

Another git process seems to be running in this repository, e.g.
an editor opened by 'git commit'. Please make sure all processes
are terminated then try again. If it still fails, a git process
may have crashed in this repository earlier:
remove the file manually to continue.
Host key verification failed.
fatal: Could not read from remote repository.

Please make sure you have the correct access rights
and the repository exists.
[Wed Apr  8 20:01:16 CDT 2026] Push failed. Will retry on next change.
fatal: Unable to create '/Users/chrisleatherwood/Desktop/scale-builder/.git/index.lock': File exists.

Another git process seems to be running in this repository, e.g.
an editor opened by 'git commit'. Please make sure all processes
are terminated then try again. If it still fails, a git process
may have crashed in this repository earlier:
remove the file manually to continue.
Host key verification failed.
fatal: Could not read from remote repository.

Please make sure you have the correct access rights
and the repository exists.
[Wed Apr  8 20:01:20 CDT 2026] Push failed. Will retry on next change.
fatal: Unable to create '/Users/chrisleatherwood/Desktop/scale-builder/.git/index.lock': File exists.

Another git process seems to be running in this repository, e.g.
an editor opened by 'git commit'. Please make sure all processes
are terminated then try again. If it still fails, a git process
may have crashed in this repository earlier:
remove the file manually to continue.
Host key verification failed.
fatal: Could not read from remote repository.

Please make sure you have the correct access rights
and the repository exists.
[Wed Apr  8 20:01:24 CDT 2026] Push failed. Will retry on next change.
fatal: Unable to create '/Users/chrisleatherwood/Desktop/scale-builder/.git/index.lock': File exists.

Another git process seems to be running in this repository, e.g.
an editor opened by 'git commit'. Please make sure all processes
are terminated then try again. If it still fails, a git process
may have crashed in this repository earlier:
remove the file manually to continue.
Host key verification failed.
fatal: Could not read from remote repository.

Please make sure you have the correct access rights
and the repository exists.
[Wed Apr  8 20:01:29 CDT 2026] Push failed. Will retry on next change.
fatal: Unable to create '/Users/chrisleatherwood/Desktop/scale-builder/.git/index.lock': File exists.

Another git process seems to be running in this repository, e.g.
an editor opened by 'git commit'. Please make sure all processes
are terminated then try again. If it still fails, a git process
may have crashed in this repository earlier:
remove the file manually to continue.
Host key verification failed.
fatal: Could not read from remote repository.

Please make sure you have the correct access rights
and the repository exists.
[Wed Apr  8 20:01:33 CDT 2026] Push failed. Will retry on next change.
fatal: Unable to create '/Users/chrisleatherwood/Desktop/scale-builder/.git/index.lock': File exists.

Another git process seems to be running in this repository, e.g.
an editor opened by 'git commit'. Please make sure all processes
are terminated then try again. If it still fails, a git process
may have crashed in this repository earlier:
remove the file manually to continue.
Host key verification failed.
fatal: Could not read from remote repository.

Please make sure you have the correct access rights
and the repository exists.
[Wed Apr  8 20:01:38 CDT 2026] Push failed. Will retry on next change.
fatal: Unable to create '/Users/chrisleatherwood/Desktop/scale-builder/.git/index.lock': File exists.

Another git process seems to be running in this repository, e.g.
an editor opened by 'git commit'. Please make sure all processes
are terminated then try again. If it still fails, a git process
may have crashed in this repository earlier:
remove the file manually to continue.
Host key verification failed.
fatal: Could not read from remote repository.

Please make sure you have the correct access rights
and the repository exists.
[Wed Apr  8 20:01:42 CDT 2026] Push failed. Will retry on next change.
fatal: Unable to create '/Users/chrisleatherwood/Desktop/scale-builder/.git/index.lock': File exists.

Another git process seems to be running in this repository, e.g.
an editor opened by 'git commit'. Please make sure all processes
are terminated then try again. If it still fails, a git process
may have crashed in this repository earlier:
remove the file manually to continue.
Host key verification failed.
fatal: Could not read from remote repository.

Please make sure you have the correct access rights
and the repository exists.
[Wed Apr  8 20:01:47 CDT 2026] Push failed. Will retry on next change.
fatal: Unable to create '/Users/chrisleatherwood/Desktop/scale-builder/.git/index.lock': File exists.

Another git process seems to be running in this repository, e.g.
an editor opened by 'git commit'. Please make sure all processes
are terminated then try again. If it still fails, a git process
may have crashed in this repository earlier:
remove the file manually to continue.
Host key verification failed.
fatal: Could not read from remote repository.

Please make sure you have the correct access rights
and the repository exists.
[Wed Apr  8 20:01:51 CDT 2026] Push failed. Will retry on next change.
fatal: Unable to create '/Users/chrisleatherwood/Desktop/scale-builder/.git/index.lock': File exists.

Another git process seems to be running in this repository, e.g.
an editor opened by 'git commit'. Please make sure all processes
are terminated then try again. If it still fails, a git process
may have crashed in this repository earlier:
remove the file manually to continue.
Host key verification failed.
fatal: Could not read from remote repository.

Please make sure you have the correct access rights
and the repository exists.
[Wed Apr  8 20:01:56 CDT 2026] Push failed. Will retry on next change.
fatal: Unable to create '/Users/chrisleatherwood/Desktop/scale-builder/.git/index.lock': File exists.

Another git process seems to be running in this repository, e.g.
an editor opened by 'git commit'. Please make sure all processes
are terminated then try again. If it still fails, a git process
may have crashed in this repository earlier:
remove the file manually to continue.
Host key verification failed.
fatal: Could not read from remote repository.

Please make sure you have the correct access rights
and the repository exists.
[Wed Apr  8 20:02:00 CDT 2026] Push failed. Will retry on next change.
fatal: Unable to create '/Users/chrisleatherwood/Desktop/scale-builder/.git/index.lock': File exists.

Another git process seems to be running in this repository, e.g.
an editor opened by 'git commit'. Please make sure all processes
are terminated then try again. If it still fails, a git process
may have crashed in this repository earlier:
remove the file manually to continue.
Host key verification failed.
fatal: Could not read from remote repository.

Please make sure you have the correct access rights
and the repository exists.
[Wed Apr  8 20:02:04 CDT 2026] Push failed. Will retry on next change.
fatal: Unable to create '/Users/chrisleatherwood/Desktop/scale-builder/.git/index.lock': File exists.

Another git process seems to be running in this repository, e.g.
an editor opened by 'git commit'. Please make sure all processes
are terminated then try again. If it still fails, a git process
may have crashed in this repository earlier:
remove the file manually to continue.
Host key verification failed.
fatal: Could not read from remote repository.

Please make sure you have the correct access rights
and the repository exists.
[Wed Apr  8 20:02:09 CDT 2026] Push failed. Will retry on next change.
fatal: Unable to create '/Users/chrisleatherwood/Desktop/scale-builder/.git/index.lock': File exists.

Another git process seems to be running in this repository, e.g.
an editor opened by 'git commit'. Please make sure all processes
are terminated then try again. If it still fails, a git process
may have crashed in this repository earlier:
remove the file manually to continue.
Host key verification failed.
fatal: Could not read from remote repository.

Please make sure you have the correct access rights
and the repository exists.
[Wed Apr  8 20:02:13 CDT 2026] Push failed. Will retry on next change.
fatal: Unable to create '/Users/chrisleatherwood/Desktop/scale-builder/.git/index.lock': File exists.

Another git process seems to be running in this repository, e.g.
an editor opened by 'git commit'. Please make sure all processes
are terminated then try again. If it still fails, a git process
may have crashed in this repository earlier:
remove the file manually to continue.
Host key verification failed.
fatal: Could not read from remote repository.

Please make sure you have the correct access rights
and the repository exists.
[Wed Apr  8 20:02:17 CDT 2026] Push failed. Will retry on next change.
fatal: Unable to create '/Users/chrisleatherwood/Desktop/scale-builder/.git/index.lock': File exists.

Another git process seems to be running in this repository, e.g.
an editor opened by 'git commit'. Please make sure all processes
are terminated then try again. If it still fails, a git process
may have crashed in this repository earlier:
remove the file manually to continue.
Host key verification failed.
fatal: Could not read from remote repository.

Please make sure you have the correct access rights
and the repository exists.
[Wed Apr  8 20:02:22 CDT 2026] Push failed. Will retry on next change.
fatal: Unable to create '/Users/chrisleatherwood/Desktop/scale-builder/.git/index.lock': File exists.

Another git process seems to be running in this repository, e.g.
an editor opened by 'git commit'. Please make sure all processes
are terminated then try again. If it still fails, a git process
may have crashed in this repository earlier:
remove the file manually to continue.
Host key verification failed.
fatal: Could not read from remote repository.

Please make sure you have the correct access rights
and the repository exists.
[Wed Apr  8 20:02:26 CDT 2026] Push failed. Will retry on next change.
fatal: Unable to create '/Users/chrisleatherwood/Desktop/scale-builder/.git/index.lock': File exists.

Another git process seems to be running in this repository, e.g.
an editor opened by 'git commit'. Please make sure all processes
are terminated then try again. If it still fails, a git process
may have crashed in this repository earlier:
remove the file manually to continue.
Host key verification failed.
fatal: Could not read from remote repository.

Please make sure you have the correct access rights
and the repository exists.
[Wed Apr  8 20:02:30 CDT 2026] Push failed. Will retry on next change.
fatal: Unable to create '/Users/chrisleatherwood/Desktop/scale-builder/.git/index.lock': File exists.

Another git process seems to be running in this repository, e.g.
an editor opened by 'git commit'. Please make sure all processes
are terminated then try again. If it still fails, a git process
may have crashed in this repository earlier:
remove the file manually to continue.
Host key verification failed.
fatal: Could not read from remote repository.

Please make sure you have the correct access rights
and the repository exists.
[Wed Apr  8 20:02:35 CDT 2026] Push failed. Will retry on next change.
fatal: Unable to create '/Users/chrisleatherwood/Desktop/scale-builder/.git/index.lock': File exists.

Another git process seems to be running in this repository, e.g.
an editor opened by 'git commit'. Please make sure all processes
are terminated then try again. If it still fails, a git process
may have crashed in this repository earlier:
remove the file manually to continue.
Host key verification failed.
fatal: Could not read from remote repository.

Please make sure you have the correct access rights
and the repository exists.
[Wed Apr  8 20:02:39 CDT 2026] Push failed. Will retry on next change.
fatal: Unable to create '/Users/chrisleatherwood/Desktop/scale-builder/.git/index.lock': File exists.

Another git process seems to be running in this repository, e.g.
an editor opened by 'git commit'. Please make sure all processes
are terminated then try again. If it still fails, a git process
may have crashed in this repository earlier:
remove the file manually to continue.
Host key verification failed.
fatal: Could not read from remote repository.

Please make sure you have the correct access rights
and the repository exists.
[Wed Apr  8 20:02:43 CDT 2026] Push failed. Will retry on next change.
fatal: Unable to create '/Users/chrisleatherwood/Desktop/scale-builder/.git/index.lock': File exists.

Another git process seems to be running in this repository, e.g.
an editor opened by 'git commit'. Please make sure all processes
are terminated then try again. If it still fails, a git process
may have crashed in this repository earlier:
remove the file manually to continue.
Host key verification failed.
fatal: Could not read from remote repository.

Please make sure you have the correct access rights
and the repository exists.
[Wed Apr  8 20:02:48 CDT 2026] Push failed. Will retry on next change.
fatal: Unable to create '/Users/chrisleatherwood/Desktop/scale-builder/.git/index.lock': File exists.

Another git process seems to be running in this repository, e.g.
an editor opened by 'git commit'. Please make sure all processes
are terminated then try again. If it still fails, a git process
may have crashed in this repository earlier:
remove the file manually to continue.
Host key verification failed.
fatal: Could not read from remote repository.

Please make sure you have the correct access rights
and the repository exists.
[Wed Apr  8 20:02:52 CDT 2026] Push failed. Will retry on next change.
fatal: Unable to create '/Users/chrisleatherwood/Desktop/scale-builder/.git/index.lock': File exists.

Another git process seems to be running in this repository, e.g.
an editor opened by 'git commit'. Please make sure all processes
are terminated then try again. If it still fails, a git process
may have crashed in this repository earlier:
remove the file manually to continue.
Host key verification failed.
fatal: Could not read from remote repository.

Please make sure you have the correct access rights
and the repository exists.
[Wed Apr  8 20:02:57 CDT 2026] Push failed. Will retry on next change.
fatal: Unable to create '/Users/chrisleatherwood/Desktop/scale-builder/.git/index.lock': File exists.

Another git process seems to be running in this repository, e.g.
an editor opened by 'git commit'. Please make sure all processes
are terminated then try again. If it still fails, a git process
may have crashed in this repository earlier:
remove the file manually to continue.
Host key verification failed.
fatal: Could not read from remote repository.

Please make sure you have the correct access rights
and the repository exists.
[Wed Apr  8 20:03:01 CDT 2026] Push failed. Will retry on next change.
fatal: Unable to create '/Users/chrisleatherwood/Desktop/scale-builder/.git/index.lock': File exists.

Another git process seems to be running in this repository, e.g.
an editor opened by 'git commit'. Please make sure all processes
are terminated then try again. If it still fails, a git process
may have crashed in this repository earlier:
remove the file manually to continue.
Host key verification failed.
fatal: Could not read from remote repository.

Please make sure you have the correct access rights
and the repository exists.
[Wed Apr  8 20:03:05 CDT 2026] Push failed. Will retry on next change.
fatal: Unable to create '/Users/chrisleatherwood/Desktop/scale-builder/.git/index.lock': File exists.

Another git process seems to be running in this repository, e.g.
an editor opened by 'git commit'. Please make sure all processes
are terminated then try again. If it still fails, a git process
may have crashed in this repository earlier:
remove the file manually to continue.
Host key verification failed.
fatal: Could not read from remote repository.

Please make sure you have the correct access rights
and the repository exists.
[Wed Apr  8 20:03:09 CDT 2026] Push failed. Will retry on next change.
fatal: Unable to create '/Users/chrisleatherwood/Desktop/scale-builder/.git/index.lock': File exists.

Another git process seems to be running in this repository, e.g.
an editor opened by 'git commit'. Please make sure all processes
are terminated then try again. If it still fails, a git process
may have crashed in this repository earlier:
remove the file manually to continue.
Host key verification failed.
fatal: Could not read from remote repository.

Please make sure you have the correct access rights
and the repository exists.
[Wed Apr  8 20:03:14 CDT 2026] Push failed. Will retry on next change.
fatal: Unable to create '/Users/chrisleatherwood/Desktop/scale-builder/.git/index.lock': File exists.

Another git process seems to be running in this repository, e.g.
an editor opened by 'git commit'. Please make sure all processes
are terminated then try again. If it still fails, a git process
may have crashed in this repository earlier:
remove the file manually to continue.
Host key verification failed.
fatal: Could not read from remote repository.

Please make sure you have the correct access rights
and the repository exists.
[Wed Apr  8 20:03:18 CDT 2026] Push failed. Will retry on next change.
fatal: Unable to create '/Users/chrisleatherwood/Desktop/scale-builder/.git/index.lock': File exists.

Another git process seems to be running in this repository, e.g.
an editor opened by 'git commit'. Please make sure all processes
are terminated then try again. If it still fails, a git process
may have crashed in this repository earlier:
remove the file manually to continue.
Host key verification failed.
fatal: Could not read from remote repository.

Please make sure you have the correct access rights
and the repository exists.
[Wed Apr  8 20:03:23 CDT 2026] Push failed. Will retry on next change.
fatal: Unable to create '/Users/chrisleatherwood/Desktop/scale-builder/.git/index.lock': File exists.

Another git process seems to be running in this repository, e.g.
an editor opened by 'git commit'. Please make sure all processes
are terminated then try again. If it still fails, a git process
may have crashed in this repository earlier:
remove the file manually to continue.
Host key verification failed.
fatal: Could not read from remote repository.

Please make sure you have the correct access rights
and the repository exists.
[Wed Apr  8 20:03:27 CDT 2026] Push failed. Will retry on next change.
fatal: Unable to create '/Users/chrisleatherwood/Desktop/scale-builder/.git/index.lock': File exists.

Another git process seems to be running in this repository, e.g.
an editor opened by 'git commit'. Please make sure all processes
are terminated then try again. If it still fails, a git process
may have crashed in this repository earlier:
remove the file manually to continue.
Host key verification failed.
fatal: Could not read from remote repository.

Please make sure you have the correct access rights
and the repository exists.
[Wed Apr  8 20:03:31 CDT 2026] Push failed. Will retry on next change.
fatal: Unable to create '/Users/chrisleatherwood/Desktop/scale-builder/.git/index.lock': File exists.

Another git process seems to be running in this repository, e.g.
an editor opened by 'git commit'. Please make sure all processes
are terminated then try again. If it still fails, a git process
may have crashed in this repository earlier:
remove the file manually to continue.
Host key verification failed.
fatal: Could not read from remote repository.

Please make sure you have the correct access rights
and the repository exists.
[Wed Apr  8 20:03:35 CDT 2026] Push failed. Will retry on next change.
fatal: Unable to create '/Users/chrisleatherwood/Desktop/scale-builder/.git/index.lock': File exists.

Another git process seems to be running in this repository, e.g.
an editor opened by 'git commit'. Please make sure all processes
are terminated then try again. If it still fails, a git process
may have crashed in this repository earlier:
remove the file manually to continue.
Host key verification failed.
fatal: Could not read from remote repository.

Please make sure you have the correct access rights
and the repository exists.
[Wed Apr  8 20:03:40 CDT 2026] Push failed. Will retry on next change.
fatal: Unable to create '/Users/chrisleatherwood/Desktop/scale-builder/.git/index.lock': File exists.

Another git process seems to be running in this repository, e.g.
an editor opened by 'git commit'. Please make sure all processes
are terminated then try again. If it still fails, a git process
may have crashed in this repository earlier:
remove the file manually to continue.
Host key verification failed.
fatal: Could not read from remote repository.

Please make sure you have the correct access rights
and the repository exists.
[Wed Apr  8 20:03:44 CDT 2026] Push failed. Will retry on next change.
fatal: Unable to create '/Users/chrisleatherwood/Desktop/scale-builder/.git/index.lock': File exists.

Another git process seems to be running in this repository, e.g.
an editor opened by 'git commit'. Please make sure all processes
are terminated then try again. If it still fails, a git process
may have crashed in this repository earlier:
remove the file manually to continue.
Host key verification failed.
fatal: Could not read from remote repository.

Please make sure you have the correct access rights
and the repository exists.
[Wed Apr  8 20:03:48 CDT 2026] Push failed. Will retry on next change.
fatal: Unable to create '/Users/chrisleatherwood/Desktop/scale-builder/.git/index.lock': File exists.

Another git process seems to be running in this repository, e.g.
an editor opened by 'git commit'. Please make sure all processes
are terminated then try again. If it still fails, a git process
may have crashed in this repository earlier:
remove the file manually to continue.
Host key verification failed.
fatal: Could not read from remote repository.

Please make sure you have the correct access rights
and the repository exists.
[Wed Apr  8 20:03:53 CDT 2026] Push failed. Will retry on next change.
fatal: Unable to create '/Users/chrisleatherwood/Desktop/scale-builder/.git/index.lock': File exists.

Another git process seems to be running in this repository, e.g.
an editor opened by 'git commit'. Please make sure all processes
are terminated then try again. If it still fails, a git process
may have crashed in this repository earlier:
remove the file manually to continue.
Host key verification failed.
fatal: Could not read from remote repository.

Please make sure you have the correct access rights
and the repository exists.
[Wed Apr  8 20:03:57 CDT 2026] Push failed. Will retry on next change.
fatal: Unable to create '/Users/chrisleatherwood/Desktop/scale-builder/.git/index.lock': File exists.

Another git process seems to be running in this repository, e.g.
an editor opened by 'git commit'. Please make sure all processes
are terminated then try again. If it still fails, a git process
may have crashed in this repository earlier:
remove the file manually to continue.
Host key verification failed.
fatal: Could not read from remote repository.

Please make sure you have the correct access rights
and the repository exists.
[Wed Apr  8 20:04:01 CDT 2026] Push failed. Will retry on next change.
fatal: Unable to create '/Users/chrisleatherwood/Desktop/scale-builder/.git/index.lock': File exists.

Another git process seems to be running in this repository, e.g.
an editor opened by 'git commit'. Please make sure all processes
are terminated then try again. If it still fails, a git process
may have crashed in this repository earlier:
remove the file manually to continue.
Host key verification failed.
fatal: Could not read from remote repository.

Please make sure you have the correct access rights
and the repository exists.
[Wed Apr  8 20:04:06 CDT 2026] Push failed. Will retry on next change.
fatal: Unable to create '/Users/chrisleatherwood/Desktop/scale-builder/.git/index.lock': File exists.

Another git process seems to be running in this repository, e.g.
an editor opened by 'git commit'. Please make sure all processes
are terminated then try again. If it still fails, a git process
may have crashed in this repository earlier:
remove the file manually to continue.
Host key verification failed.
fatal: Could not read from remote repository.

Please make sure you have the correct access rights
and the repository exists.
[Wed Apr  8 20:04:10 CDT 2026] Push failed. Will retry on next change.
fatal: Unable to create '/Users/chrisleatherwood/Desktop/scale-builder/.git/index.lock': File exists.

Another git process seems to be running in this repository, e.g.
an editor opened by 'git commit'. Please make sure all processes
are terminated then try again. If it still fails, a git process
may have crashed in this repository earlier:
remove the file manually to continue.
Host key verification failed.
fatal: Could not read from remote repository.

Please make sure you have the correct access rights
and the repository exists.
[Wed Apr  8 20:04:14 CDT 2026] Push failed. Will retry on next change.
fatal: Unable to create '/Users/chrisleatherwood/Desktop/scale-builder/.git/index.lock': File exists.

Another git process seems to be running in this repository, e.g.
an editor opened by 'git commit'. Please make sure all processes
are terminated then try again. If it still fails, a git process
may have crashed in this repository earlier:
remove the file manually to continue.
Host key verification failed.
fatal: Could not read from remote repository.

Please make sure you have the correct access rights
and the repository exists.
[Wed Apr  8 20:04:19 CDT 2026] Push failed. Will retry on next change.
fatal: Unable to create '/Users/chrisleatherwood/Desktop/scale-builder/.git/index.lock': File exists.

Another git process seems to be running in this repository, e.g.
an editor opened by 'git commit'. Please make sure all processes
are terminated then try again. If it still fails, a git process
may have crashed in this repository earlier:
remove the file manually to continue.
Host key verification failed.
fatal: Could not read from remote repository.

Please make sure you have the correct access rights
and the repository exists.
[Wed Apr  8 20:04:23 CDT 2026] Push failed. Will retry on next change.
fatal: Unable to create '/Users/chrisleatherwood/Desktop/scale-builder/.git/index.lock': File exists.

Another git process seems to be running in this repository, e.g.
an editor opened by 'git commit'. Please make sure all processes
are terminated then try again. If it still fails, a git process
may have crashed in this repository earlier:
remove the file manually to continue.
Host key verification failed.
fatal: Could not read from remote repository.

Please make sure you have the correct access rights
and the repository exists.
[Wed Apr  8 20:04:27 CDT 2026] Push failed. Will retry on next change.
fatal: Unable to create '/Users/chrisleatherwood/Desktop/scale-builder/.git/index.lock': File exists.

Another git process seems to be running in this repository, e.g.
an editor opened by 'git commit'. Please make sure all processes
are terminated then try again. If it still fails, a git process
may have crashed in this repository earlier:
remove the file manually to continue.
Host key verification failed.
fatal: Could not read from remote repository.

Please make sure you have the correct access rights
and the repository exists.
[Wed Apr  8 20:04:33 CDT 2026] Push failed. Will retry on next change.
fatal: Unable to create '/Users/chrisleatherwood/Desktop/scale-builder/.git/index.lock': File exists.

Another git process seems to be running in this repository, e.g.
an editor opened by 'git commit'. Please make sure all processes
are terminated then try again. If it still fails, a git process
may have crashed in this repository earlier:
remove the file manually to continue.
Host key verification failed.
fatal: Could not read from remote repository.

Please make sure you have the correct access rights
and the repository exists.
[Wed Apr  8 20:04:37 CDT 2026] Push failed. Will retry on next change.
fatal: Unable to create '/Users/chrisleatherwood/Desktop/scale-builder/.git/index.lock': File exists.

Another git process seems to be running in this repository, e.g.
an editor opened by 'git commit'. Please make sure all processes
are terminated then try again. If it still fails, a git process
may have crashed in this repository earlier:
remove the file manually to continue.
Host key verification failed.
fatal: Could not read from remote repository.

Please make sure you have the correct access rights
and the repository exists.
[Wed Apr  8 20:04:41 CDT 2026] Push failed. Will retry on next change.
fatal: Unable to create '/Users/chrisleatherwood/Desktop/scale-builder/.git/index.lock': File exists.

Another git process seems to be running in this repository, e.g.
an editor opened by 'git commit'. Please make sure all processes
are terminated then try again. If it still fails, a git process
may have crashed in this repository earlier:
remove the file manually to continue.
Host key verification failed.
fatal: Could not read from remote repository.

Please make sure you have the correct access rights
and the repository exists.
[Wed Apr  8 20:04:45 CDT 2026] Push failed. Will retry on next change.
fatal: Unable to create '/Users/chrisleatherwood/Desktop/scale-builder/.git/index.lock': File exists.

Another git process seems to be running in this repository, e.g.
an editor opened by 'git commit'. Please make sure all processes
are terminated then try again. If it still fails, a git process
may have crashed in this repository earlier:
remove the file manually to continue.
Host key verification failed.
fatal: Could not read from remote repository.

Please make sure you have the correct access rights
and the repository exists.
[Wed Apr  8 20:04:50 CDT 2026] Push failed. Will retry on next change.
fatal: Unable to create '/Users/chrisleatherwood/Desktop/scale-builder/.git/index.lock': File exists.

Another git process seems to be running in this repository, e.g.
an editor opened by 'git commit'. Please make sure all processes
are terminated then try again. If it still fails, a git process
may have crashed in this repository earlier:
remove the file manually to continue.
Host key verification failed.
fatal: Could not read from remote repository.

Please make sure you have the correct access rights
and the repository exists.
[Wed Apr  8 20:04:54 CDT 2026] Push failed. Will retry on next change.
fatal: Unable to create '/Users/chrisleatherwood/Desktop/scale-builder/.git/index.lock': File exists.

Another git process seems to be running in this repository, e.g.
an editor opened by 'git commit'. Please make sure all processes
are terminated then try again. If it still fails, a git process
may have crashed in this repository earlier:
remove the file manually to continue.
Host key verification failed.
fatal: Could not read from remote repository.

Please make sure you have the correct access rights
and the repository exists.
[Wed Apr  8 20:04:59 CDT 2026] Push failed. Will retry on next change.
fatal: Unable to create '/Users/chrisleatherwood/Desktop/scale-builder/.git/index.lock': File exists.

Another git process seems to be running in this repository, e.g.
an editor opened by 'git commit'. Please make sure all processes
are terminated then try again. If it still fails, a git process
may have crashed in this repository earlier:
remove the file manually to continue.
Host key verification failed.
fatal: Could not read from remote repository.

Please make sure you have the correct access rights
and the repository exists.
[Wed Apr  8 20:05:03 CDT 2026] Push failed. Will retry on next change.
fatal: Unable to create '/Users/chrisleatherwood/Desktop/scale-builder/.git/index.lock': File exists.

Another git process seems to be running in this repository, e.g.
an editor opened by 'git commit'. Please make sure all processes
are terminated then try again. If it still fails, a git process
may have crashed in this repository earlier:
remove the file manually to continue.
Host key verification failed.
fatal: Could not read from remote repository.

Please make sure you have the correct access rights
and the repository exists.
[Wed Apr  8 20:05:07 CDT 2026] Push failed. Will retry on next change.
fatal: Unable to create '/Users/chrisleatherwood/Desktop/scale-builder/.git/index.lock': File exists.

Another git process seems to be running in this repository, e.g.
an editor opened by 'git commit'. Please make sure all processes
are terminated then try again. If it still fails, a git process
may have crashed in this repository earlier:
remove the file manually to continue.
Host key verification failed.
fatal: Could not read from remote repository.

Please make sure you have the correct access rights
and the repository exists.
[Wed Apr  8 20:05:12 CDT 2026] Push failed. Will retry on next change.
fatal: Unable to create '/Users/chrisleatherwood/Desktop/scale-builder/.git/index.lock': File exists.

Another git process seems to be running in this repository, e.g.
an editor opened by 'git commit'. Please make sure all processes
are terminated then try again. If it still fails, a git process
may have crashed in this repository earlier:
remove the file manually to continue.
Host key verification failed.
fatal: Could not read from remote repository.

Please make sure you have the correct access rights
and the repository exists.
[Wed Apr  8 20:05:16 CDT 2026] Push failed. Will retry on next change.
fatal: Unable to create '/Users/chrisleatherwood/Desktop/scale-builder/.git/index.lock': File exists.

Another git process seems to be running in this repository, e.g.
an editor opened by 'git commit'. Please make sure all processes
are terminated then try again. If it still fails, a git process
may have crashed in this repository earlier:
remove the file manually to continue.
Host key verification failed.
fatal: Could not read from remote repository.

Please make sure you have the correct access rights
and the repository exists.
[Wed Apr  8 20:05:20 CDT 2026] Push failed. Will retry on next change.
fatal: Unable to create '/Users/chrisleatherwood/Desktop/scale-builder/.git/index.lock': File exists.

Another git process seems to be running in this repository, e.g.
an editor opened by 'git commit'. Please make sure all processes
are terminated then try again. If it still fails, a git process
may have crashed in this repository earlier:
remove the file manually to continue.
Host key verification failed.
fatal: Could not read from remote repository.

Please make sure you have the correct access rights
and the repository exists.
[Wed Apr  8 20:05:25 CDT 2026] Push failed. Will retry on next change.
fatal: Unable to create '/Users/chrisleatherwood/Desktop/scale-builder/.git/index.lock': File exists.

Another git process seems to be running in this repository, e.g.
an editor opened by 'git commit'. Please make sure all processes
are terminated then try again. If it still fails, a git process
may have crashed in this repository earlier:
remove the file manually to continue.
Host key verification failed.
fatal: Could not read from remote repository.

Please make sure you have the correct access rights
and the repository exists.
[Wed Apr  8 20:05:29 CDT 2026] Push failed. Will retry on next change.
fatal: Unable to create '/Users/chrisleatherwood/Desktop/scale-builder/.git/index.lock': File exists.

Another git process seems to be running in this repository, e.g.
an editor opened by 'git commit'. Please make sure all processes
are terminated then try again. If it still fails, a git process
may have crashed in this repository earlier:
remove the file manually to continue.
Host key verification failed.
fatal: Could not read from remote repository.

Please make sure you have the correct access rights
and the repository exists.
[Wed Apr  8 20:05:33 CDT 2026] Push failed. Will retry on next change.
fatal: Unable to create '/Users/chrisleatherwood/Desktop/scale-builder/.git/index.lock': File exists.

Another git process seems to be running in this repository, e.g.
an editor opened by 'git commit'. Please make sure all processes
are terminated then try again. If it still fails, a git process
may have crashed in this repository earlier:
remove the file manually to continue.
Host key verification failed.
fatal: Could not read from remote repository.

Please make sure you have the correct access rights
and the repository exists.
[Wed Apr  8 20:05:38 CDT 2026] Push failed. Will retry on next change.
fatal: Unable to create '/Users/chrisleatherwood/Desktop/scale-builder/.git/index.lock': File exists.

Another git process seems to be running in this repository, e.g.
an editor opened by 'git commit'. Please make sure all processes
are terminated then try again. If it still fails, a git process
may have crashed in this repository earlier:
remove the file manually to continue.
Host key verification failed.
fatal: Could not read from remote repository.

Please make sure you have the correct access rights
and the repository exists.
[Wed Apr  8 20:05:42 CDT 2026] Push failed. Will retry on next change.
fatal: Unable to create '/Users/chrisleatherwood/Desktop/scale-builder/.git/index.lock': File exists.

Another git process seems to be running in this repository, e.g.
an editor opened by 'git commit'. Please make sure all processes
are terminated then try again. If it still fails, a git process
may have crashed in this repository earlier:
remove the file manually to continue.
Host key verification failed.
fatal: Could not read from remote repository.

Please make sure you have the correct access rights
and the repository exists.
[Wed Apr  8 20:05:46 CDT 2026] Push failed. Will retry on next change.
fatal: Unable to create '/Users/chrisleatherwood/Desktop/scale-builder/.git/index.lock': File exists.

Another git process seems to be running in this repository, e.g.
an editor opened by 'git commit'. Please make sure all processes
are terminated then try again. If it still fails, a git process
may have crashed in this repository earlier:
remove the file manually to continue.
Host key verification failed.
fatal: Could not read from remote repository.

Please make sure you have the correct access rights
and the repository exists.
[Wed Apr  8 20:05:51 CDT 2026] Push failed. Will retry on next change.
fatal: Unable to create '/Users/chrisleatherwood/Desktop/scale-builder/.git/index.lock': File exists.

Another git process seems to be running in this repository, e.g.
an editor opened by 'git commit'. Please make sure all processes
are terminated then try again. If it still fails, a git process
may have crashed in this repository earlier:
remove the file manually to continue.
To github.com:chrisl18rel/scale-builder.git
   f8a26d6..091c5bf  main -> main
[Wed Apr  8 20:05:56 CDT 2026] Pushed to GitHub.
fatal: Unable to create '/Users/chrisleatherwood/Desktop/scale-builder/.git/index.lock': File exists.

Another git process seems to be running in this repository, e.g.
an editor opened by 'git commit'. Please make sure all processes
are terminated then try again. If it still fails, a git process
may have crashed in this repository earlier:
remove the file manually to continue.
Everything up-to-date
[Wed Apr  8 20:06:01 CDT 2026] Pushed to GitHub.
fatal: Unable to create '/Users/chrisleatherwood/Desktop/scale-builder/.git/index.lock': File exists.

Another git process seems to be running in this repository, e.g.
an editor opened by 'git commit'. Please make sure all processes
are terminated then try again. If it still fails, a git process
may have crashed in this repository earlier:
remove the file manually to continue.
Everything up-to-date
[Wed Apr  8 20:06:06 CDT 2026] Pushed to GitHub.
fatal: Unable to create '/Users/chrisleatherwood/Desktop/scale-builder/.git/index.lock': File exists.

Another git process seems to be running in this repository, e.g.
an editor opened by 'git commit'. Please make sure all processes
are terminated then try again. If it still fails, a git process
may have crashed in this repository earlier:
remove the file manually to continue.
Everything up-to-date
[Wed Apr  8 20:06:10 CDT 2026] Pushed to GitHub.
fatal: Unable to create '/Users/chrisleatherwood/Desktop/scale-builder/.git/index.lock': File exists.

Another git process seems to be running in this repository, e.g.
an editor opened by 'git commit'. Please make sure all processes
are terminated then try again. If it still fails, a git process
may have crashed in this repository earlier:
remove the file manually to continue.
Everything up-to-date
[Wed Apr  8 20:06:15 CDT 2026] Pushed to GitHub.
fatal: Unable to create '/Users/chrisleatherwood/Desktop/scale-builder/.git/index.lock': File exists.

Another git process seems to be running in this repository, e.g.
an editor opened by 'git commit'. Please make sure all processes
are terminated then try again. If it still fails, a git process
may have crashed in this repository earlier:
remove the file manually to continue.
Everything up-to-date
[Wed Apr  8 20:06:20 CDT 2026] Pushed to GitHub.
fatal: Unable to create '/Users/chrisleatherwood/Desktop/scale-builder/.git/index.lock': File exists.

Another git process seems to be running in this repository, e.g.
an editor opened by 'git commit'. Please make sure all processes
are terminated then try again. If it still fails, a git process
may have crashed in this repository earlier:
remove the file manually to continue.
Everything up-to-date
[Wed Apr  8 20:06:25 CDT 2026] Pushed to GitHub.
fatal: Unable to create '/Users/chrisleatherwood/Desktop/scale-builder/.git/index.lock': File exists.

Another git process seems to be running in this repository, e.g.
an editor opened by 'git commit'. Please make sure all processes
are terminated then try again. If it still fails, a git process
may have crashed in this repository earlier:
remove the file manually to continue.
Everything up-to-date
[Wed Apr  8 20:06:30 CDT 2026] Pushed to GitHub.
fatal: Unable to create '/Users/chrisleatherwood/Desktop/scale-builder/.git/index.lock': File exists.

Another git process seems to be running in this repository, e.g.
an editor opened by 'git commit'. Please make sure all processes
are terminated then try again. If it still fails, a git process
may have crashed in this repository earlier:
remove the file manually to continue.
Everything up-to-date
[Wed Apr  8 20:06:35 CDT 2026] Pushed to GitHub.
fatal: Unable to create '/Users/chrisleatherwood/Desktop/scale-builder/.git/index.lock': File exists.

Another git process seems to be running in this repository, e.g.
an editor opened by 'git commit'. Please make sure all processes
are terminated then try again. If it still fails, a git process
may have crashed in this repository earlier:
remove the file manually to continue.
Everything up-to-date
[Wed Apr  8 20:06:40 CDT 2026] Pushed to GitHub.
fatal: Unable to create '/Users/chrisleatherwood/Desktop/scale-builder/.git/index.lock': File exists.

Another git process seems to be running in this repository, e.g.
an editor opened by 'git commit'. Please make sure all processes
are terminated then try again. If it still fails, a git process
may have crashed in this repository earlier:
remove the file manually to continue.
Everything up-to-date
[Wed Apr  8 20:06:45 CDT 2026] Pushed to GitHub.
fatal: Unable to create '/Users/chrisleatherwood/Desktop/scale-builder/.git/index.lock': File exists.

Another git process seems to be running in this repository, e.g.
an editor opened by 'git commit'. Please make sure all processes
are terminated then try again. If it still fails, a git process
may have crashed in this repository earlier:
remove the file manually to continue.
Everything up-to-date
[Wed Apr  8 20:06:50 CDT 2026] Pushed to GitHub.
fatal: Unable to create '/Users/chrisleatherwood/Desktop/scale-builder/.git/index.lock': File exists.

Another git process seems to be running in this repository, e.g.
an editor opened by 'git commit'. Please make sure all processes
are terminated then try again. If it still fails, a git process
may have crashed in this repository earlier:
remove the file manually to continue.
Everything up-to-date
[Wed Apr  8 20:06:55 CDT 2026] Pushed to GitHub.
fatal: Unable to create '/Users/chrisleatherwood/Desktop/scale-builder/.git/index.lock': File exists.

Another git process seems to be running in this repository, e.g.
an editor opened by 'git commit'. Please make sure all processes
are terminated then try again. If it still fails, a git process
may have crashed in this repository earlier:
remove the file manually to continue.
Everything up-to-date
[Wed Apr  8 20:07:00 CDT 2026] Pushed to GitHub.
fatal: Unable to create '/Users/chrisleatherwood/Desktop/scale-builder/.git/index.lock': File exists.

Another git process seems to be running in this repository, e.g.
an editor opened by 'git commit'. Please make sure all processes
are terminated then try again. If it still fails, a git process
may have crashed in this repository earlier:
remove the file manually to continue.
Everything up-to-date
[Wed Apr  8 20:07:05 CDT 2026] Pushed to GitHub.
fatal: Unable to create '/Users/chrisleatherwood/Desktop/scale-builder/.git/index.lock': File exists.

Another git process seems to be running in this repository, e.g.
an editor opened by 'git commit'. Please make sure all processes
are terminated then try again. If it still fails, a git process
may have crashed in this repository earlier:
remove the file manually to continue.
Everything up-to-date
[Wed Apr  8 20:07:10 CDT 2026] Pushed to GitHub.
fatal: Unable to create '/Users/chrisleatherwood/Desktop/scale-builder/.git/index.lock': File exists.

Another git process seems to be running in this repository, e.g.
an editor opened by 'git commit'. Please make sure all processes
are terminated then try again. If it still fails, a git process
may have crashed in this repository earlier:
remove the file manually to continue.
Everything up-to-date
[Wed Apr  8 20:07:15 CDT 2026] Pushed to GitHub.
fatal: Unable to create '/Users/chrisleatherwood/Desktop/scale-builder/.git/index.lock': File exists.

Another git process seems to be running in this repository, e.g.
an editor opened by 'git commit'. Please make sure all processes
are terminated then try again. If it still fails, a git process
may have crashed in this repository earlier:
remove the file manually to continue.
Everything up-to-date
[Wed Apr  8 20:07:20 CDT 2026] Pushed to GitHub.
fatal: Unable to create '/Users/chrisleatherwood/Desktop/scale-builder/.git/index.lock': File exists.

Another git process seems to be running in this repository, e.g.
an editor opened by 'git commit'. Please make sure all processes
are terminated then try again. If it still fails, a git process
may have crashed in this repository earlier:
remove the file manually to continue.
Everything up-to-date
[Wed Apr  8 20:07:25 CDT 2026] Pushed to GitHub.
fatal: Unable to create '/Users/chrisleatherwood/Desktop/scale-builder/.git/index.lock': File exists.

Another git process seems to be running in this repository, e.g.
an editor opened by 'git commit'. Please make sure all processes
are terminated then try again. If it still fails, a git process
may have crashed in this repository earlier:
remove the file manually to continue.
Everything up-to-date
[Wed Apr  8 20:07:30 CDT 2026] Pushed to GitHub.
fatal: Unable to create '/Users/chrisleatherwood/Desktop/scale-builder/.git/index.lock': File exists.

Another git process seems to be running in this repository, e.g.
an editor opened by 'git commit'. Please make sure all processes
are terminated then try again. If it still fails, a git process
may have crashed in this repository earlier:
remove the file manually to continue.
Everything up-to-date
[Wed Apr  8 20:07:35 CDT 2026] Pushed to GitHub.
fatal: Unable to create '/Users/chrisleatherwood/Desktop/scale-builder/.git/index.lock': File exists.

Another git process seems to be running in this repository, e.g.
an editor opened by 'git commit'. Please make sure all processes
are terminated then try again. If it still fails, a git process
may have crashed in this repository earlier:
remove the file manually to continue.
Everything up-to-date
[Wed Apr  8 20:07:39 CDT 2026] Pushed to GitHub.
fatal: Unable to create '/Users/chrisleatherwood/Desktop/scale-builder/.git/index.lock': File exists.

Another git process seems to be running in this repository, e.g.
an editor opened by 'git commit'. Please make sure all processes
are terminated then try again. If it still fails, a git process
may have crashed in this repository earlier:
remove the file manually to continue.
Everything up-to-date
[Wed Apr  8 20:07:45 CDT 2026] Pushed to GitHub.
fatal: Unable to create '/Users/chrisleatherwood/Desktop/scale-builder/.git/index.lock': File exists.

Another git process seems to be running in this repository, e.g.
an editor opened by 'git commit'. Please make sure all processes
are terminated then try again. If it still fails, a git process
may have crashed in this repository earlier:
remove the file manually to continue.
Everything up-to-date
[Wed Apr  8 20:07:50 CDT 2026] Pushed to GitHub.
fatal: Unable to create '/Users/chrisleatherwood/Desktop/scale-builder/.git/index.lock': File exists.

Another git process seems to be running in this repository, e.g.
an editor opened by 'git commit'. Please make sure all processes
are terminated then try again. If it still fails, a git process
may have crashed in this repository earlier:
remove the file manually to continue.
Everything up-to-date
[Wed Apr  8 20:07:55 CDT 2026] Pushed to GitHub.
fatal: Unable to create '/Users/chrisleatherwood/Desktop/scale-builder/.git/index.lock': File exists.

Another git process seems to be running in this repository, e.g.
an editor opened by 'git commit'. Please make sure all processes
are terminated then try again. If it still fails, a git process
may have crashed in this repository earlier:
remove the file manually to continue.
Everything up-to-date
[Wed Apr  8 20:08:00 CDT 2026] Pushed to GitHub.
fatal: Unable to create '/Users/chrisleatherwood/Desktop/scale-builder/.git/index.lock': File exists.

Another git process seems to be running in this repository, e.g.
an editor opened by 'git commit'. Please make sure all processes
are terminated then try again. If it still fails, a git process
may have crashed in this repository earlier:
remove the file manually to continue.
Everything up-to-date
[Wed Apr  8 20:08:05 CDT 2026] Pushed to GitHub.
fatal: Unable to create '/Users/chrisleatherwood/Desktop/scale-builder/.git/index.lock': File exists.

Another git process seems to be running in this repository, e.g.
an editor opened by 'git commit'. Please make sure all processes
are terminated then try again. If it still fails, a git process
may have crashed in this repository earlier:
remove the file manually to continue.
Everything up-to-date
[Wed Apr  8 20:08:11 CDT 2026] Pushed to GitHub.
fatal: Unable to create '/Users/chrisleatherwood/Desktop/scale-builder/.git/index.lock': File exists.

Another git process seems to be running in this repository, e.g.
an editor opened by 'git commit'. Please make sure all processes
are terminated then try again. If it still fails, a git process
may have crashed in this repository earlier:
remove the file manually to continue.
Everything up-to-date
[Wed Apr  8 20:08:16 CDT 2026] Pushed to GitHub.
fatal: Unable to create '/Users/chrisleatherwood/Desktop/scale-builder/.git/index.lock': File exists.

Another git process seems to be running in this repository, e.g.
an editor opened by 'git commit'. Please make sure all processes
are terminated then try again. If it still fails, a git process
may have crashed in this repository earlier:
remove the file manually to continue.
Everything up-to-date
[Wed Apr  8 20:08:21 CDT 2026] Pushed to GitHub.
fatal: Unable to create '/Users/chrisleatherwood/Desktop/scale-builder/.git/index.lock': File exists.

Another git process seems to be running in this repository, e.g.
an editor opened by 'git commit'. Please make sure all processes
are terminated then try again. If it still fails, a git process
may have crashed in this repository earlier:
remove the file manually to continue.
Everything up-to-date
[Wed Apr  8 20:08:26 CDT 2026] Pushed to GitHub.
fatal: Unable to create '/Users/chrisleatherwood/Desktop/scale-builder/.git/index.lock': File exists.

Another git process seems to be running in this repository, e.g.
an editor opened by 'git commit'. Please make sure all processes
are terminated then try again. If it still fails, a git process
may have crashed in this repository earlier:
remove the file manually to continue.
Everything up-to-date
[Wed Apr  8 20:08:31 CDT 2026] Pushed to GitHub.
fatal: Unable to create '/Users/chrisleatherwood/Desktop/scale-builder/.git/index.lock': File exists.

Another git process seems to be running in this repository, e.g.
an editor opened by 'git commit'. Please make sure all processes
are terminated then try again. If it still fails, a git process
may have crashed in this repository earlier:
remove the file manually to continue.
Everything up-to-date
[Wed Apr  8 20:08:37 CDT 2026] Pushed to GitHub.
fatal: Unable to create '/Users/chrisleatherwood/Desktop/scale-builder/.git/index.lock': File exists.

Another git process seems to be running in this repository, e.g.
an editor opened by 'git commit'. Please make sure all processes
are terminated then try again. If it still fails, a git process
may have crashed in this repository earlier:
remove the file manually to continue.
Everything up-to-date
[Wed Apr  8 20:08:42 CDT 2026] Pushed to GitHub.
fatal: Unable to create '/Users/chrisleatherwood/Desktop/scale-builder/.git/index.lock': File exists.

Another git process seems to be running in this repository, e.g.
an editor opened by 'git commit'. Please make sure all processes
are terminated then try again. If it still fails, a git process
may have crashed in this repository earlier:
remove the file manually to continue.
Everything up-to-date
[Wed Apr  8 20:08:46 CDT 2026] Pushed to GitHub.
fatal: Unable to create '/Users/chrisleatherwood/Desktop/scale-builder/.git/index.lock': File exists.

Another git process seems to be running in this repository, e.g.
an editor opened by 'git commit'. Please make sure all processes
are terminated then try again. If it still fails, a git process
may have crashed in this repository earlier:
remove the file manually to continue.
Everything up-to-date
[Wed Apr  8 20:08:52 CDT 2026] Pushed to GitHub.
fatal: Unable to create '/Users/chrisleatherwood/Desktop/scale-builder/.git/index.lock': File exists.

Another git process seems to be running in this repository, e.g.
an editor opened by 'git commit'. Please make sure all processes
are terminated then try again. If it still fails, a git process
may have crashed in this repository earlier:
remove the file manually to continue.
Everything up-to-date
[Wed Apr  8 20:08:57 CDT 2026] Pushed to GitHub.
fatal: Unable to create '/Users/chrisleatherwood/Desktop/scale-builder/.git/index.lock': File exists.

Another git process seems to be running in this repository, e.g.
an editor opened by 'git commit'. Please make sure all processes
are terminated then try again. If it still fails, a git process
may have crashed in this repository earlier:
remove the file manually to continue.
Everything up-to-date
[Wed Apr  8 20:09:02 CDT 2026] Pushed to GitHub.
fatal: Unable to create '/Users/chrisleatherwood/Desktop/scale-builder/.git/index.lock': File exists.

Another git process seems to be running in this repository, e.g.
an editor opened by 'git commit'. Please make sure all processes
are terminated then try again. If it still fails, a git process
may have crashed in this repository earlier:
remove the file manually to continue.
Everything up-to-date
[Wed Apr  8 20:09:07 CDT 2026] Pushed to GitHub.
fatal: Unable to create '/Users/chrisleatherwood/Desktop/scale-builder/.git/index.lock': File exists.

Another git process seems to be running in this repository, e.g.
an editor opened by 'git commit'. Please make sure all processes
are terminated then try again. If it still fails, a git process
may have crashed in this repository earlier:
remove the file manually to continue.
Everything up-to-date
[Wed Apr  8 20:09:11 CDT 2026] Pushed to GitHub.
fatal: Unable to create '/Users/chrisleatherwood/Desktop/scale-builder/.git/index.lock': File exists.

Another git process seems to be running in this repository, e.g.
an editor opened by 'git commit'. Please make sure all processes
are terminated then try again. If it still fails, a git process
may have crashed in this repository earlier:
remove the file manually to continue.
Everything up-to-date
[Wed Apr  8 20:09:16 CDT 2026] Pushed to GitHub.
fatal: Unable to create '/Users/chrisleatherwood/Desktop/scale-builder/.git/index.lock': File exists.

Another git process seems to be running in this repository, e.g.
an editor opened by 'git commit'. Please make sure all processes
are terminated then try again. If it still fails, a git process
may have crashed in this repository earlier:
remove the file manually to continue.
Everything up-to-date
[Wed Apr  8 20:09:21 CDT 2026] Pushed to GitHub.
fatal: Unable to create '/Users/chrisleatherwood/Desktop/scale-builder/.git/index.lock': File exists.

Another git process seems to be running in this repository, e.g.
an editor opened by 'git commit'. Please make sure all processes
are terminated then try again. If it still fails, a git process
may have crashed in this repository earlier:
remove the file manually to continue.
Everything up-to-date
[Wed Apr  8 20:09:26 CDT 2026] Pushed to GitHub.
fatal: Unable to create '/Users/chrisleatherwood/Desktop/scale-builder/.git/index.lock': File exists.

Another git process seems to be running in this repository, e.g.
an editor opened by 'git commit'. Please make sure all processes
are terminated then try again. If it still fails, a git process
may have crashed in this repository earlier:
remove the file manually to continue.
Everything up-to-date
[Wed Apr  8 20:09:31 CDT 2026] Pushed to GitHub.
fatal: Unable to create '/Users/chrisleatherwood/Desktop/scale-builder/.git/index.lock': File exists.

Another git process seems to be running in this repository, e.g.
an editor opened by 'git commit'. Please make sure all processes
are terminated then try again. If it still fails, a git process
may have crashed in this repository earlier:
remove the file manually to continue.
Everything up-to-date
[Wed Apr  8 20:09:36 CDT 2026] Pushed to GitHub.
fatal: Unable to create '/Users/chrisleatherwood/Desktop/scale-builder/.git/index.lock': File exists.

Another git process seems to be running in this repository, e.g.
an editor opened by 'git commit'. Please make sure all processes
are terminated then try again. If it still fails, a git process
may have crashed in this repository earlier:
remove the file manually to continue.
Everything up-to-date
[Wed Apr  8 20:09:41 CDT 2026] Pushed to GitHub.
fatal: Unable to create '/Users/chrisleatherwood/Desktop/scale-builder/.git/index.lock': File exists.

Another git process seems to be running in this repository, e.g.
an editor opened by 'git commit'. Please make sure all processes
are terminated then try again. If it still fails, a git process
may have crashed in this repository earlier:
remove the file manually to continue.
Everything up-to-date
[Wed Apr  8 20:09:46 CDT 2026] Pushed to GitHub.
fatal: Unable to create '/Users/chrisleatherwood/Desktop/scale-builder/.git/index.lock': File exists.

Another git process seems to be running in this repository, e.g.
an editor opened by 'git commit'. Please make sure all processes
are terminated then try again. If it still fails, a git process
may have crashed in this repository earlier:
remove the file manually to continue.
Everything up-to-date
[Wed Apr  8 20:09:51 CDT 2026] Pushed to GitHub.
fatal: Unable to create '/Users/chrisleatherwood/Desktop/scale-builder/.git/index.lock': File exists.

Another git process seems to be running in this repository, e.g.
an editor opened by 'git commit'. Please make sure all processes
are terminated then try again. If it still fails, a git process
may have crashed in this repository earlier:
remove the file manually to continue.
Everything up-to-date
[Wed Apr  8 20:09:56 CDT 2026] Pushed to GitHub.
fatal: Unable to create '/Users/chrisleatherwood/Desktop/scale-builder/.git/index.lock': File exists.

Another git process seems to be running in this repository, e.g.
an editor opened by 'git commit'. Please make sure all processes
are terminated then try again. If it still fails, a git process
may have crashed in this repository earlier:
remove the file manually to continue.
Everything up-to-date
[Wed Apr  8 20:10:01 CDT 2026] Pushed to GitHub.
fatal: Unable to create '/Users/chrisleatherwood/Desktop/scale-builder/.git/index.lock': File exists.

Another git process seems to be running in this repository, e.g.
an editor opened by 'git commit'. Please make sure all processes
are terminated then try again. If it still fails, a git process
may have crashed in this repository earlier:
remove the file manually to continue.
Everything up-to-date
[Wed Apr  8 20:10:06 CDT 2026] Pushed to GitHub.
fatal: Unable to create '/Users/chrisleatherwood/Desktop/scale-builder/.git/index.lock': File exists.

Another git process seems to be running in this repository, e.g.
an editor opened by 'git commit'. Please make sure all processes
are terminated then try again. If it still fails, a git process
may have crashed in this repository earlier:
remove the file manually to continue.
Everything up-to-date
[Wed Apr  8 20:10:11 CDT 2026] Pushed to GitHub.
fatal: Unable to create '/Users/chrisleatherwood/Desktop/scale-builder/.git/index.lock': File exists.

Another git process seems to be running in this repository, e.g.
an editor opened by 'git commit'. Please make sure all processes
are terminated then try again. If it still fails, a git process
may have crashed in this repository earlier:
remove the file manually to continue.
Everything up-to-date
[Wed Apr  8 20:10:16 CDT 2026] Pushed to GitHub.
fatal: Unable to create '/Users/chrisleatherwood/Desktop/scale-builder/.git/index.lock': File exists.

Another git process seems to be running in this repository, e.g.
an editor opened by 'git commit'. Please make sure all processes
are terminated then try again. If it still fails, a git process
may have crashed in this repository earlier:
remove the file manually to continue.
Everything up-to-date
[Wed Apr  8 20:10:21 CDT 2026] Pushed to GitHub.
fatal: Unable to create '/Users/chrisleatherwood/Desktop/scale-builder/.git/index.lock': File exists.

Another git process seems to be running in this repository, e.g.
an editor opened by 'git commit'. Please make sure all processes
are terminated then try again. If it still fails, a git process
may have crashed in this repository earlier:
remove the file manually to continue.
Everything up-to-date
[Wed Apr  8 20:10:26 CDT 2026] Pushed to GitHub.
fatal: Unable to create '/Users/chrisleatherwood/Desktop/scale-builder/.git/index.lock': File exists.

Another git process seems to be running in this repository, e.g.
an editor opened by 'git commit'. Please make sure all processes
are terminated then try again. If it still fails, a git process
may have crashed in this repository earlier:
remove the file manually to continue.
Everything up-to-date
[Wed Apr  8 20:10:31 CDT 2026] Pushed to GitHub.
fatal: Unable to create '/Users/chrisleatherwood/Desktop/scale-builder/.git/index.lock': File exists.

Another git process seems to be running in this repository, e.g.
an editor opened by 'git commit'. Please make sure all processes
are terminated then try again. If it still fails, a git process
may have crashed in this repository earlier:
remove the file manually to continue.
Everything up-to-date
[Wed Apr  8 20:10:36 CDT 2026] Pushed to GitHub.
fatal: Unable to create '/Users/chrisleatherwood/Desktop/scale-builder/.git/index.lock': File exists.

Another git process seems to be running in this repository, e.g.
an editor opened by 'git commit'. Please make sure all processes
are terminated then try again. If it still fails, a git process
may have crashed in this repository earlier:
remove the file manually to continue.
Everything up-to-date
[Wed Apr  8 20:10:41 CDT 2026] Pushed to GitHub.
fatal: Unable to create '/Users/chrisleatherwood/Desktop/scale-builder/.git/index.lock': File exists.

Another git process seems to be running in this repository, e.g.
an editor opened by 'git commit'. Please make sure all processes
are terminated then try again. If it still fails, a git process
may have crashed in this repository earlier:
remove the file manually to continue.
Everything up-to-date
[Wed Apr  8 20:10:46 CDT 2026] Pushed to GitHub.
fatal: Unable to create '/Users/chrisleatherwood/Desktop/scale-builder/.git/index.lock': File exists.

Another git process seems to be running in this repository, e.g.
an editor opened by 'git commit'. Please make sure all processes
are terminated then try again. If it still fails, a git process
may have crashed in this repository earlier:
remove the file manually to continue.
Everything up-to-date
[Wed Apr  8 20:10:52 CDT 2026] Pushed to GitHub.
fatal: Unable to create '/Users/chrisleatherwood/Desktop/scale-builder/.git/index.lock': File exists.

Another git process seems to be running in this repository, e.g.
an editor opened by 'git commit'. Please make sure all processes
are terminated then try again. If it still fails, a git process
may have crashed in this repository earlier:
remove the file manually to continue.
Everything up-to-date
[Wed Apr  8 20:10:57 CDT 2026] Pushed to GitHub.
fatal: Unable to create '/Users/chrisleatherwood/Desktop/scale-builder/.git/index.lock': File exists.

Another git process seems to be running in this repository, e.g.
an editor opened by 'git commit'. Please make sure all processes
are terminated then try again. If it still fails, a git process
may have crashed in this repository earlier:
remove the file manually to continue.
Everything up-to-date
[Wed Apr  8 20:11:02 CDT 2026] Pushed to GitHub.
fatal: Unable to create '/Users/chrisleatherwood/Desktop/scale-builder/.git/index.lock': File exists.

Another git process seems to be running in this repository, e.g.
an editor opened by 'git commit'. Please make sure all processes
are terminated then try again. If it still fails, a git process
may have crashed in this repository earlier:
remove the file manually to continue.
Everything up-to-date
[Wed Apr  8 20:11:07 CDT 2026] Pushed to GitHub.
fatal: Unable to create '/Users/chrisleatherwood/Desktop/scale-builder/.git/index.lock': File exists.

Another git process seems to be running in this repository, e.g.
an editor opened by 'git commit'. Please make sure all processes
are terminated then try again. If it still fails, a git process
may have crashed in this repository earlier:
remove the file manually to continue.
Everything up-to-date
[Wed Apr  8 20:11:12 CDT 2026] Pushed to GitHub.
fatal: Unable to create '/Users/chrisleatherwood/Desktop/scale-builder/.git/index.lock': File exists.

Another git process seems to be running in this repository, e.g.
an editor opened by 'git commit'. Please make sure all processes
are terminated then try again. If it still fails, a git process
may have crashed in this repository earlier:
remove the file manually to continue.
Everything up-to-date
[Wed Apr  8 20:11:17 CDT 2026] Pushed to GitHub.
fatal: Unable to create '/Users/chrisleatherwood/Desktop/scale-builder/.git/index.lock': File exists.

Another git process seems to be running in this repository, e.g.
an editor opened by 'git commit'. Please make sure all processes
are terminated then try again. If it still fails, a git process
may have crashed in this repository earlier:
remove the file manually to continue.
Everything up-to-date
[Wed Apr  8 20:11:22 CDT 2026] Pushed to GitHub.
fatal: Unable to create '/Users/chrisleatherwood/Desktop/scale-builder/.git/index.lock': File exists.

Another git process seems to be running in this repository, e.g.
an editor opened by 'git commit'. Please make sure all processes
are terminated then try again. If it still fails, a git process
may have crashed in this repository earlier:
remove the file manually to continue.
Everything up-to-date
[Wed Apr  8 20:11:28 CDT 2026] Pushed to GitHub.
fatal: Unable to create '/Users/chrisleatherwood/Desktop/scale-builder/.git/index.lock': File exists.

Another git process seems to be running in this repository, e.g.
an editor opened by 'git commit'. Please make sure all processes
are terminated then try again. If it still fails, a git process
may have crashed in this repository earlier:
remove the file manually to continue.
Everything up-to-date
[Wed Apr  8 20:11:33 CDT 2026] Pushed to GitHub.
fatal: Unable to create '/Users/chrisleatherwood/Desktop/scale-builder/.git/index.lock': File exists.

Another git process seems to be running in this repository, e.g.
an editor opened by 'git commit'. Please make sure all processes
are terminated then try again. If it still fails, a git process
may have crashed in this repository earlier:
remove the file manually to continue.
Everything up-to-date
[Wed Apr  8 20:11:37 CDT 2026] Pushed to GitHub.
fatal: Unable to create '/Users/chrisleatherwood/Desktop/scale-builder/.git/index.lock': File exists.

Another git process seems to be running in this repository, e.g.
an editor opened by 'git commit'. Please make sure all processes
are terminated then try again. If it still fails, a git process
may have crashed in this repository earlier:
remove the file manually to continue.
Everything up-to-date
[Wed Apr  8 20:11:42 CDT 2026] Pushed to GitHub.
fatal: Unable to create '/Users/chrisleatherwood/Desktop/scale-builder/.git/index.lock': File exists.

Another git process seems to be running in this repository, e.g.
an editor opened by 'git commit'. Please make sure all processes
are terminated then try again. If it still fails, a git process
may have crashed in this repository earlier:
remove the file manually to continue.
Everything up-to-date
[Wed Apr  8 20:11:47 CDT 2026] Pushed to GitHub.
fatal: Unable to create '/Users/chrisleatherwood/Desktop/scale-builder/.git/index.lock': File exists.

Another git process seems to be running in this repository, e.g.
an editor opened by 'git commit'. Please make sure all processes
are terminated then try again. If it still fails, a git process
may have crashed in this repository earlier:
remove the file manually to continue.
Everything up-to-date
[Wed Apr  8 20:11:52 CDT 2026] Pushed to GitHub.
fatal: Unable to create '/Users/chrisleatherwood/Desktop/scale-builder/.git/index.lock': File exists.

Another git process seems to be running in this repository, e.g.
an editor opened by 'git commit'. Please make sure all processes
are terminated then try again. If it still fails, a git process
may have crashed in this repository earlier:
remove the file manually to continue.
Everything up-to-date
[Wed Apr  8 20:11:57 CDT 2026] Pushed to GitHub.
fatal: Unable to create '/Users/chrisleatherwood/Desktop/scale-builder/.git/index.lock': File exists.

Another git process seems to be running in this repository, e.g.
an editor opened by 'git commit'. Please make sure all processes
are terminated then try again. If it still fails, a git process
may have crashed in this repository earlier:
remove the file manually to continue.
Everything up-to-date
[Wed Apr  8 20:12:02 CDT 2026] Pushed to GitHub.
fatal: Unable to create '/Users/chrisleatherwood/Desktop/scale-builder/.git/index.lock': File exists.

Another git process seems to be running in this repository, e.g.
an editor opened by 'git commit'. Please make sure all processes
are terminated then try again. If it still fails, a git process
may have crashed in this repository earlier:
remove the file manually to continue.
Everything up-to-date
[Wed Apr  8 20:12:07 CDT 2026] Pushed to GitHub.
fatal: Unable to create '/Users/chrisleatherwood/Desktop/scale-builder/.git/index.lock': File exists.

Another git process seems to be running in this repository, e.g.
an editor opened by 'git commit'. Please make sure all processes
are terminated then try again. If it still fails, a git process
may have crashed in this repository earlier:
remove the file manually to continue.
Everything up-to-date
[Wed Apr  8 20:12:12 CDT 2026] Pushed to GitHub.
fatal: Unable to create '/Users/chrisleatherwood/Desktop/scale-builder/.git/index.lock': File exists.

Another git process seems to be running in this repository, e.g.
an editor opened by 'git commit'. Please make sure all processes
are terminated then try again. If it still fails, a git process
may have crashed in this repository earlier:
remove the file manually to continue.
Everything up-to-date
[Wed Apr  8 20:12:17 CDT 2026] Pushed to GitHub.
fatal: Unable to create '/Users/chrisleatherwood/Desktop/scale-builder/.git/index.lock': File exists.

Another git process seems to be running in this repository, e.g.
an editor opened by 'git commit'. Please make sure all processes
are terminated then try again. If it still fails, a git process
may have crashed in this repository earlier:
remove the file manually to continue.
Everything up-to-date
[Wed Apr  8 20:12:22 CDT 2026] Pushed to GitHub.
fatal: Unable to create '/Users/chrisleatherwood/Desktop/scale-builder/.git/index.lock': File exists.

Another git process seems to be running in this repository, e.g.
an editor opened by 'git commit'. Please make sure all processes
are terminated then try again. If it still fails, a git process
may have crashed in this repository earlier:
remove the file manually to continue.
Everything up-to-date
[Wed Apr  8 20:12:27 CDT 2026] Pushed to GitHub.
fatal: Unable to create '/Users/chrisleatherwood/Desktop/scale-builder/.git/index.lock': File exists.

Another git process seems to be running in this repository, e.g.
an editor opened by 'git commit'. Please make sure all processes
are terminated then try again. If it still fails, a git process
may have crashed in this repository earlier:
remove the file manually to continue.
Everything up-to-date
[Wed Apr  8 20:12:32 CDT 2026] Pushed to GitHub.
fatal: Unable to create '/Users/chrisleatherwood/Desktop/scale-builder/.git/index.lock': File exists.

Another git process seems to be running in this repository, e.g.
an editor opened by 'git commit'. Please make sure all processes
are terminated then try again. If it still fails, a git process
may have crashed in this repository earlier:
remove the file manually to continue.
Everything up-to-date
[Wed Apr  8 20:12:37 CDT 2026] Pushed to GitHub.
fatal: Unable to create '/Users/chrisleatherwood/Desktop/scale-builder/.git/index.lock': File exists.

Another git process seems to be running in this repository, e.g.
an editor opened by 'git commit'. Please make sure all processes
are terminated then try again. If it still fails, a git process
may have crashed in this repository earlier:
remove the file manually to continue.
Everything up-to-date
[Wed Apr  8 20:12:42 CDT 2026] Pushed to GitHub.
fatal: Unable to create '/Users/chrisleatherwood/Desktop/scale-builder/.git/index.lock': File exists.

Another git process seems to be running in this repository, e.g.
an editor opened by 'git commit'. Please make sure all processes
are terminated then try again. If it still fails, a git process
may have crashed in this repository earlier:
remove the file manually to continue.
Everything up-to-date
[Wed Apr  8 20:12:47 CDT 2026] Pushed to GitHub.
fatal: Unable to create '/Users/chrisleatherwood/Desktop/scale-builder/.git/index.lock': File exists.

Another git process seems to be running in this repository, e.g.
an editor opened by 'git commit'. Please make sure all processes
are terminated then try again. If it still fails, a git process
may have crashed in this repository earlier:
remove the file manually to continue.
Everything up-to-date
[Wed Apr  8 20:12:52 CDT 2026] Pushed to GitHub.
fatal: Unable to create '/Users/chrisleatherwood/Desktop/scale-builder/.git/index.lock': File exists.

Another git process seems to be running in this repository, e.g.
an editor opened by 'git commit'. Please make sure all processes
are terminated then try again. If it still fails, a git process
may have crashed in this repository earlier:
remove the file manually to continue.
Everything up-to-date
[Wed Apr  8 20:12:57 CDT 2026] Pushed to GitHub.
fatal: Unable to create '/Users/chrisleatherwood/Desktop/scale-builder/.git/index.lock': File exists.

Another git process seems to be running in this repository, e.g.
an editor opened by 'git commit'. Please make sure all processes
are terminated then try again. If it still fails, a git process
may have crashed in this repository earlier:
remove the file manually to continue.
Everything up-to-date
[Wed Apr  8 20:13:02 CDT 2026] Pushed to GitHub.
fatal: Unable to create '/Users/chrisleatherwood/Desktop/scale-builder/.git/index.lock': File exists.

Another git process seems to be running in this repository, e.g.
an editor opened by 'git commit'. Please make sure all processes
are terminated then try again. If it still fails, a git process
may have crashed in this repository earlier:
remove the file manually to continue.
Everything up-to-date
[Wed Apr  8 20:13:06 CDT 2026] Pushed to GitHub.
fatal: Unable to create '/Users/chrisleatherwood/Desktop/scale-builder/.git/index.lock': File exists.

Another git process seems to be running in this repository, e.g.
an editor opened by 'git commit'. Please make sure all processes
are terminated then try again. If it still fails, a git process
may have crashed in this repository earlier:
remove the file manually to continue.
Everything up-to-date
[Wed Apr  8 20:13:11 CDT 2026] Pushed to GitHub.
fatal: Unable to create '/Users/chrisleatherwood/Desktop/scale-builder/.git/index.lock': File exists.

Another git process seems to be running in this repository, e.g.
an editor opened by 'git commit'. Please make sure all processes
are terminated then try again. If it still fails, a git process
may have crashed in this repository earlier:
remove the file manually to continue.
Everything up-to-date
[Wed Apr  8 20:13:16 CDT 2026] Pushed to GitHub.
fatal: Unable to create '/Users/chrisleatherwood/Desktop/scale-builder/.git/index.lock': File exists.

Another git process seems to be running in this repository, e.g.
an editor opened by 'git commit'. Please make sure all processes
are terminated then try again. If it still fails, a git process
may have crashed in this repository earlier:
remove the file manually to continue.
Everything up-to-date
[Wed Apr  8 20:13:21 CDT 2026] Pushed to GitHub.
fatal: Unable to create '/Users/chrisleatherwood/Desktop/scale-builder/.git/index.lock': File exists.

Another git process seems to be running in this repository, e.g.
an editor opened by 'git commit'. Please make sure all processes
are terminated then try again. If it still fails, a git process
may have crashed in this repository earlier:
remove the file manually to continue.
Everything up-to-date
[Wed Apr  8 20:13:26 CDT 2026] Pushed to GitHub.
fatal: Unable to create '/Users/chrisleatherwood/Desktop/scale-builder/.git/index.lock': File exists.

Another git process seems to be running in this repository, e.g.
an editor opened by 'git commit'. Please make sure all processes
are terminated then try again. If it still fails, a git process
may have crashed in this repository earlier:
remove the file manually to continue.
Everything up-to-date
[Wed Apr  8 20:13:31 CDT 2026] Pushed to GitHub.
fatal: Unable to create '/Users/chrisleatherwood/Desktop/scale-builder/.git/index.lock': File exists.

Another git process seems to be running in this repository, e.g.
an editor opened by 'git commit'. Please make sure all processes
are terminated then try again. If it still fails, a git process
may have crashed in this repository earlier:
remove the file manually to continue.
Everything up-to-date
[Wed Apr  8 20:13:36 CDT 2026] Pushed to GitHub.
fatal: Unable to create '/Users/chrisleatherwood/Desktop/scale-builder/.git/index.lock': File exists.

Another git process seems to be running in this repository, e.g.
an editor opened by 'git commit'. Please make sure all processes
are terminated then try again. If it still fails, a git process
may have crashed in this repository earlier:
remove the file manually to continue.
Everything up-to-date
[Wed Apr  8 20:13:41 CDT 2026] Pushed to GitHub.
fatal: Unable to create '/Users/chrisleatherwood/Desktop/scale-builder/.git/index.lock': File exists.

Another git process seems to be running in this repository, e.g.
an editor opened by 'git commit'. Please make sure all processes
are terminated then try again. If it still fails, a git process
may have crashed in this repository earlier:
remove the file manually to continue.
Everything up-to-date
[Wed Apr  8 20:13:47 CDT 2026] Pushed to GitHub.
fatal: Unable to create '/Users/chrisleatherwood/Desktop/scale-builder/.git/index.lock': File exists.

Another git process seems to be running in this repository, e.g.
an editor opened by 'git commit'. Please make sure all processes
are terminated then try again. If it still fails, a git process
may have crashed in this repository earlier:
remove the file manually to continue.
Everything up-to-date
[Wed Apr  8 20:13:52 CDT 2026] Pushed to GitHub.
fatal: Unable to create '/Users/chrisleatherwood/Desktop/scale-builder/.git/index.lock': File exists.

Another git process seems to be running in this repository, e.g.
an editor opened by 'git commit'. Please make sure all processes
are terminated then try again. If it still fails, a git process
may have crashed in this repository earlier:
remove the file manually to continue.
Everything up-to-date
[Wed Apr  8 20:13:57 CDT 2026] Pushed to GitHub.
fatal: Unable to create '/Users/chrisleatherwood/Desktop/scale-builder/.git/index.lock': File exists.

Another git process seems to be running in this repository, e.g.
an editor opened by 'git commit'. Please make sure all processes
are terminated then try again. If it still fails, a git process
may have crashed in this repository earlier:
remove the file manually to continue.
Everything up-to-date
[Wed Apr  8 20:14:02 CDT 2026] Pushed to GitHub.
fatal: Unable to create '/Users/chrisleatherwood/Desktop/scale-builder/.git/index.lock': File exists.

Another git process seems to be running in this repository, e.g.
an editor opened by 'git commit'. Please make sure all processes
are terminated then try again. If it still fails, a git process
may have crashed in this repository earlier:
remove the file manually to continue.
Everything up-to-date
[Wed Apr  8 20:14:06 CDT 2026] Pushed to GitHub.
fatal: Unable to create '/Users/chrisleatherwood/Desktop/scale-builder/.git/index.lock': File exists.

Another git process seems to be running in this repository, e.g.
an editor opened by 'git commit'. Please make sure all processes
are terminated then try again. If it still fails, a git process
may have crashed in this repository earlier:
remove the file manually to continue.
Everything up-to-date
[Wed Apr  8 20:14:12 CDT 2026] Pushed to GitHub.
fatal: Unable to create '/Users/chrisleatherwood/Desktop/scale-builder/.git/index.lock': File exists.

Another git process seems to be running in this repository, e.g.
an editor opened by 'git commit'. Please make sure all processes
are terminated then try again. If it still fails, a git process
may have crashed in this repository earlier:
remove the file manually to continue.
Everything up-to-date
[Wed Apr  8 20:14:17 CDT 2026] Pushed to GitHub.
fatal: Unable to create '/Users/chrisleatherwood/Desktop/scale-builder/.git/index.lock': File exists.

Another git process seems to be running in this repository, e.g.
an editor opened by 'git commit'. Please make sure all processes
are terminated then try again. If it still fails, a git process
may have crashed in this repository earlier:
remove the file manually to continue.
Everything up-to-date
[Wed Apr  8 20:14:22 CDT 2026] Pushed to GitHub.
fatal: Unable to create '/Users/chrisleatherwood/Desktop/scale-builder/.git/index.lock': File exists.

Another git process seems to be running in this repository, e.g.
an editor opened by 'git commit'. Please make sure all processes
are terminated then try again. If it still fails, a git process
may have crashed in this repository earlier:
remove the file manually to continue.
Everything up-to-date
[Wed Apr  8 20:14:27 CDT 2026] Pushed to GitHub.
fatal: Unable to create '/Users/chrisleatherwood/Desktop/scale-builder/.git/index.lock': File exists.

Another git process seems to be running in this repository, e.g.
an editor opened by 'git commit'. Please make sure all processes
are terminated then try again. If it still fails, a git process
may have crashed in this repository earlier:
remove the file manually to continue.
Everything up-to-date
[Wed Apr  8 20:14:32 CDT 2026] Pushed to GitHub.
fatal: Unable to create '/Users/chrisleatherwood/Desktop/scale-builder/.git/index.lock': File exists.

Another git process seems to be running in this repository, e.g.
an editor opened by 'git commit'. Please make sure all processes
are terminated then try again. If it still fails, a git process
may have crashed in this repository earlier:
remove the file manually to continue.
Everything up-to-date
[Wed Apr  8 20:14:36 CDT 2026] Pushed to GitHub.
fatal: Unable to create '/Users/chrisleatherwood/Desktop/scale-builder/.git/index.lock': File exists.

Another git process seems to be running in this repository, e.g.
an editor opened by 'git commit'. Please make sure all processes
are terminated then try again. If it still fails, a git process
may have crashed in this repository earlier:
remove the file manually to continue.
Everything up-to-date
[Wed Apr  8 20:14:42 CDT 2026] Pushed to GitHub.
fatal: Unable to create '/Users/chrisleatherwood/Desktop/scale-builder/.git/index.lock': File exists.

Another git process seems to be running in this repository, e.g.
an editor opened by 'git commit'. Please make sure all processes
are terminated then try again. If it still fails, a git process
may have crashed in this repository earlier:
remove the file manually to continue.
Everything up-to-date
[Wed Apr  8 20:14:46 CDT 2026] Pushed to GitHub.
fatal: Unable to create '/Users/chrisleatherwood/Desktop/scale-builder/.git/index.lock': File exists.

Another git process seems to be running in this repository, e.g.
an editor opened by 'git commit'. Please make sure all processes
are terminated then try again. If it still fails, a git process
may have crashed in this repository earlier:
remove the file manually to continue.
Everything up-to-date
[Wed Apr  8 20:14:52 CDT 2026] Pushed to GitHub.
fatal: Unable to create '/Users/chrisleatherwood/Desktop/scale-builder/.git/index.lock': File exists.

Another git process seems to be running in this repository, e.g.
an editor opened by 'git commit'. Please make sure all processes
are terminated then try again. If it still fails, a git process
may have crashed in this repository earlier:
remove the file manually to continue.
Everything up-to-date
[Wed Apr  8 20:14:56 CDT 2026] Pushed to GitHub.
fatal: Unable to create '/Users/chrisleatherwood/Desktop/scale-builder/.git/index.lock': File exists.

Another git process seems to be running in this repository, e.g.
an editor opened by 'git commit'. Please make sure all processes
are terminated then try again. If it still fails, a git process
may have crashed in this repository earlier:
remove the file manually to continue.
Everything up-to-date
[Wed Apr  8 20:15:01 CDT 2026] Pushed to GitHub.
fatal: Unable to create '/Users/chrisleatherwood/Desktop/scale-builder/.git/index.lock': File exists.

Another git process seems to be running in this repository, e.g.
an editor opened by 'git commit'. Please make sure all processes
are terminated then try again. If it still fails, a git process
may have crashed in this repository earlier:
remove the file manually to continue.
Everything up-to-date
[Wed Apr  8 20:15:06 CDT 2026] Pushed to GitHub.
fatal: Unable to create '/Users/chrisleatherwood/Desktop/scale-builder/.git/index.lock': File exists.

Another git process seems to be running in this repository, e.g.
an editor opened by 'git commit'. Please make sure all processes
are terminated then try again. If it still fails, a git process
may have crashed in this repository earlier:
remove the file manually to continue.
Everything up-to-date
[Wed Apr  8 20:15:11 CDT 2026] Pushed to GitHub.
fatal: Unable to create '/Users/chrisleatherwood/Desktop/scale-builder/.git/index.lock': File exists.

Another git process seems to be running in this repository, e.g.
an editor opened by 'git commit'. Please make sure all processes
are terminated then try again. If it still fails, a git process
may have crashed in this repository earlier:
remove the file manually to continue.
Everything up-to-date
[Wed Apr  8 20:15:16 CDT 2026] Pushed to GitHub.
fatal: Unable to create '/Users/chrisleatherwood/Desktop/scale-builder/.git/index.lock': File exists.

Another git process seems to be running in this repository, e.g.
an editor opened by 'git commit'. Please make sure all processes
are terminated then try again. If it still fails, a git process
may have crashed in this repository earlier:
remove the file manually to continue.
Everything up-to-date
[Wed Apr  8 20:15:21 CDT 2026] Pushed to GitHub.
fatal: Unable to create '/Users/chrisleatherwood/Desktop/scale-builder/.git/index.lock': File exists.

Another git process seems to be running in this repository, e.g.
an editor opened by 'git commit'. Please make sure all processes
are terminated then try again. If it still fails, a git process
may have crashed in this repository earlier:
remove the file manually to continue.
Everything up-to-date
[Wed Apr  8 20:15:26 CDT 2026] Pushed to GitHub.
fatal: Unable to create '/Users/chrisleatherwood/Desktop/scale-builder/.git/index.lock': File exists.

Another git process seems to be running in this repository, e.g.
an editor opened by 'git commit'. Please make sure all processes
are terminated then try again. If it still fails, a git process
may have crashed in this repository earlier:
remove the file manually to continue.
Everything up-to-date
[Wed Apr  8 20:15:31 CDT 2026] Pushed to GitHub.
fatal: Unable to create '/Users/chrisleatherwood/Desktop/scale-builder/.git/index.lock': File exists.

Another git process seems to be running in this repository, e.g.
an editor opened by 'git commit'. Please make sure all processes
are terminated then try again. If it still fails, a git process
may have crashed in this repository earlier:
remove the file manually to continue.
Everything up-to-date
[Wed Apr  8 20:15:35 CDT 2026] Pushed to GitHub.
fatal: Unable to create '/Users/chrisleatherwood/Desktop/scale-builder/.git/index.lock': File exists.

Another git process seems to be running in this repository, e.g.
an editor opened by 'git commit'. Please make sure all processes
are terminated then try again. If it still fails, a git process
may have crashed in this repository earlier:
remove the file manually to continue.
Everything up-to-date
[Wed Apr  8 20:15:40 CDT 2026] Pushed to GitHub.
fatal: Unable to create '/Users/chrisleatherwood/Desktop/scale-builder/.git/index.lock': File exists.

Another git process seems to be running in this repository, e.g.
an editor opened by 'git commit'. Please make sure all processes
are terminated then try again. If it still fails, a git process
may have crashed in this repository earlier:
remove the file manually to continue.
Everything up-to-date
[Wed Apr  8 20:15:45 CDT 2026] Pushed to GitHub.
fatal: Unable to create '/Users/chrisleatherwood/Desktop/scale-builder/.git/index.lock': File exists.

Another git process seems to be running in this repository, e.g.
an editor opened by 'git commit'. Please make sure all processes
are terminated then try again. If it still fails, a git process
may have crashed in this repository earlier:
remove the file manually to continue.
Everything up-to-date
[Wed Apr  8 20:15:51 CDT 2026] Pushed to GitHub.
fatal: Unable to create '/Users/chrisleatherwood/Desktop/scale-builder/.git/index.lock': File exists.

Another git process seems to be running in this repository, e.g.
an editor opened by 'git commit'. Please make sure all processes
are terminated then try again. If it still fails, a git process
may have crashed in this repository earlier:
remove the file manually to continue.
Everything up-to-date
[Wed Apr  8 20:15:55 CDT 2026] Pushed to GitHub.
fatal: Unable to create '/Users/chrisleatherwood/Desktop/scale-builder/.git/index.lock': File exists.

Another git process seems to be running in this repository, e.g.
an editor opened by 'git commit'. Please make sure all processes
are terminated then try again. If it still fails, a git process
may have crashed in this repository earlier:
remove the file manually to continue.
Everything up-to-date
[Wed Apr  8 20:16:00 CDT 2026] Pushed to GitHub.
fatal: Unable to create '/Users/chrisleatherwood/Desktop/scale-builder/.git/index.lock': File exists.

Another git process seems to be running in this repository, e.g.
an editor opened by 'git commit'. Please make sure all processes
are terminated then try again. If it still fails, a git process
may have crashed in this repository earlier:
remove the file manually to continue.
Everything up-to-date
[Wed Apr  8 20:16:05 CDT 2026] Pushed to GitHub.
fatal: Unable to create '/Users/chrisleatherwood/Desktop/scale-builder/.git/index.lock': File exists.

Another git process seems to be running in this repository, e.g.
an editor opened by 'git commit'. Please make sure all processes
are terminated then try again. If it still fails, a git process
may have crashed in this repository earlier:
remove the file manually to continue.
Everything up-to-date
[Wed Apr  8 20:16:10 CDT 2026] Pushed to GitHub.
fatal: Unable to create '/Users/chrisleatherwood/Desktop/scale-builder/.git/index.lock': File exists.

Another git process seems to be running in this repository, e.g.
an editor opened by 'git commit'. Please make sure all processes
are terminated then try again. If it still fails, a git process
may have crashed in this repository earlier:
remove the file manually to continue.
Everything up-to-date
[Wed Apr  8 20:16:15 CDT 2026] Pushed to GitHub.
fatal: Unable to create '/Users/chrisleatherwood/Desktop/scale-builder/.git/index.lock': File exists.

Another git process seems to be running in this repository, e.g.
an editor opened by 'git commit'. Please make sure all processes
are terminated then try again. If it still fails, a git process
may have crashed in this repository earlier:
remove the file manually to continue.
Everything up-to-date
[Wed Apr  8 20:16:20 CDT 2026] Pushed to GitHub.
fatal: Unable to create '/Users/chrisleatherwood/Desktop/scale-builder/.git/index.lock': File exists.

Another git process seems to be running in this repository, e.g.
an editor opened by 'git commit'. Please make sure all processes
are terminated then try again. If it still fails, a git process
may have crashed in this repository earlier:
remove the file manually to continue.
Everything up-to-date
[Wed Apr  8 20:16:25 CDT 2026] Pushed to GitHub.
fatal: Unable to create '/Users/chrisleatherwood/Desktop/scale-builder/.git/index.lock': File exists.

Another git process seems to be running in this repository, e.g.
an editor opened by 'git commit'. Please make sure all processes
are terminated then try again. If it still fails, a git process
may have crashed in this repository earlier:
remove the file manually to continue.
Everything up-to-date
[Wed Apr  8 20:16:30 CDT 2026] Pushed to GitHub.
fatal: Unable to create '/Users/chrisleatherwood/Desktop/scale-builder/.git/index.lock': File exists.

Another git process seems to be running in this repository, e.g.
an editor opened by 'git commit'. Please make sure all processes
are terminated then try again. If it still fails, a git process
may have crashed in this repository earlier:
remove the file manually to continue.
Everything up-to-date
[Wed Apr  8 20:16:35 CDT 2026] Pushed to GitHub.
fatal: Unable to create '/Users/chrisleatherwood/Desktop/scale-builder/.git/index.lock': File exists.

Another git process seems to be running in this repository, e.g.
an editor opened by 'git commit'. Please make sure all processes
are terminated then try again. If it still fails, a git process
may have crashed in this repository earlier:
remove the file manually to continue.
Everything up-to-date
[Wed Apr  8 20:16:40 CDT 2026] Pushed to GitHub.
fatal: Unable to create '/Users/chrisleatherwood/Desktop/scale-builder/.git/index.lock': File exists.

Another git process seems to be running in this repository, e.g.
an editor opened by 'git commit'. Please make sure all processes
are terminated then try again. If it still fails, a git process
may have crashed in this repository earlier:
remove the file manually to continue.
Everything up-to-date
[Wed Apr  8 20:16:45 CDT 2026] Pushed to GitHub.
fatal: Unable to create '/Users/chrisleatherwood/Desktop/scale-builder/.git/index.lock': File exists.

Another git process seems to be running in this repository, e.g.
an editor opened by 'git commit'. Please make sure all processes
are terminated then try again. If it still fails, a git process
may have crashed in this repository earlier:
remove the file manually to continue.
Everything up-to-date
[Wed Apr  8 20:16:49 CDT 2026] Pushed to GitHub.
fatal: Unable to create '/Users/chrisleatherwood/Desktop/scale-builder/.git/index.lock': File exists.

Another git process seems to be running in this repository, e.g.
an editor opened by 'git commit'. Please make sure all processes
are terminated then try again. If it still fails, a git process
may have crashed in this repository earlier:
remove the file manually to continue.
Everything up-to-date
[Wed Apr  8 20:16:55 CDT 2026] Pushed to GitHub.
fatal: Unable to create '/Users/chrisleatherwood/Desktop/scale-builder/.git/index.lock': File exists.

Another git process seems to be running in this repository, e.g.
an editor opened by 'git commit'. Please make sure all processes
are terminated then try again. If it still fails, a git process
may have crashed in this repository earlier:
remove the file manually to continue.
Everything up-to-date
[Wed Apr  8 20:17:00 CDT 2026] Pushed to GitHub.
fatal: Unable to create '/Users/chrisleatherwood/Desktop/scale-builder/.git/index.lock': File exists.

Another git process seems to be running in this repository, e.g.
an editor opened by 'git commit'. Please make sure all processes
are terminated then try again. If it still fails, a git process
may have crashed in this repository earlier:
remove the file manually to continue.
Everything up-to-date
[Wed Apr  8 20:17:05 CDT 2026] Pushed to GitHub.
fatal: Unable to create '/Users/chrisleatherwood/Desktop/scale-builder/.git/index.lock': File exists.

Another git process seems to be running in this repository, e.g.
an editor opened by 'git commit'. Please make sure all processes
are terminated then try again. If it still fails, a git process
may have crashed in this repository earlier:
remove the file manually to continue.
Everything up-to-date
[Wed Apr  8 20:17:09 CDT 2026] Pushed to GitHub.
fatal: Unable to create '/Users/chrisleatherwood/Desktop/scale-builder/.git/index.lock': File exists.

Another git process seems to be running in this repository, e.g.
an editor opened by 'git commit'. Please make sure all processes
are terminated then try again. If it still fails, a git process
may have crashed in this repository earlier:
remove the file manually to continue.
Everything up-to-date
[Wed Apr  8 20:17:14 CDT 2026] Pushed to GitHub.
fatal: Unable to create '/Users/chrisleatherwood/Desktop/scale-builder/.git/index.lock': File exists.

Another git process seems to be running in this repository, e.g.
an editor opened by 'git commit'. Please make sure all processes
are terminated then try again. If it still fails, a git process
may have crashed in this repository earlier:
remove the file manually to continue.
Everything up-to-date
[Wed Apr  8 20:17:19 CDT 2026] Pushed to GitHub.
fatal: Unable to create '/Users/chrisleatherwood/Desktop/scale-builder/.git/index.lock': File exists.

Another git process seems to be running in this repository, e.g.
an editor opened by 'git commit'. Please make sure all processes
are terminated then try again. If it still fails, a git process
may have crashed in this repository earlier:
remove the file manually to continue.
Everything up-to-date
[Wed Apr  8 20:17:24 CDT 2026] Pushed to GitHub.
fatal: Unable to create '/Users/chrisleatherwood/Desktop/scale-builder/.git/index.lock': File exists.

Another git process seems to be running in this repository, e.g.
an editor opened by 'git commit'. Please make sure all processes
are terminated then try again. If it still fails, a git process
may have crashed in this repository earlier:
remove the file manually to continue.
Everything up-to-date
[Wed Apr  8 20:17:30 CDT 2026] Pushed to GitHub.
fatal: Unable to create '/Users/chrisleatherwood/Desktop/scale-builder/.git/index.lock': File exists.

Another git process seems to be running in this repository, e.g.
an editor opened by 'git commit'. Please make sure all processes
are terminated then try again. If it still fails, a git process
may have crashed in this repository earlier:
remove the file manually to continue.
Everything up-to-date
[Wed Apr  8 20:17:35 CDT 2026] Pushed to GitHub.
fatal: Unable to create '/Users/chrisleatherwood/Desktop/scale-builder/.git/index.lock': File exists.

Another git process seems to be running in this repository, e.g.
an editor opened by 'git commit'. Please make sure all processes
are terminated then try again. If it still fails, a git process
may have crashed in this repository earlier:
remove the file manually to continue.
Everything up-to-date
[Wed Apr  8 20:17:40 CDT 2026] Pushed to GitHub.
fatal: Unable to create '/Users/chrisleatherwood/Desktop/scale-builder/.git/index.lock': File exists.

Another git process seems to be running in this repository, e.g.
an editor opened by 'git commit'. Please make sure all processes
are terminated then try again. If it still fails, a git process
may have crashed in this repository earlier:
remove the file manually to continue.
Everything up-to-date
[Wed Apr  8 20:17:45 CDT 2026] Pushed to GitHub.
fatal: Unable to create '/Users/chrisleatherwood/Desktop/scale-builder/.git/index.lock': File exists.

Another git process seems to be running in this repository, e.g.
an editor opened by 'git commit'. Please make sure all processes
are terminated then try again. If it still fails, a git process
may have crashed in this repository earlier:
remove the file manually to continue.
Everything up-to-date
[Wed Apr  8 20:17:49 CDT 2026] Pushed to GitHub.
fatal: Unable to create '/Users/chrisleatherwood/Desktop/scale-builder/.git/index.lock': File exists.

Another git process seems to be running in this repository, e.g.
an editor opened by 'git commit'. Please make sure all processes
are terminated then try again. If it still fails, a git process
may have crashed in this repository earlier:
remove the file manually to continue.
Everything up-to-date
[Wed Apr  8 20:17:54 CDT 2026] Pushed to GitHub.
fatal: Unable to create '/Users/chrisleatherwood/Desktop/scale-builder/.git/index.lock': File exists.

Another git process seems to be running in this repository, e.g.
an editor opened by 'git commit'. Please make sure all processes
are terminated then try again. If it still fails, a git process
may have crashed in this repository earlier:
remove the file manually to continue.
Everything up-to-date
[Wed Apr  8 20:17:59 CDT 2026] Pushed to GitHub.
fatal: Unable to create '/Users/chrisleatherwood/Desktop/scale-builder/.git/index.lock': File exists.

Another git process seems to be running in this repository, e.g.
an editor opened by 'git commit'. Please make sure all processes
are terminated then try again. If it still fails, a git process
may have crashed in this repository earlier:
remove the file manually to continue.
Everything up-to-date
[Wed Apr  8 20:18:04 CDT 2026] Pushed to GitHub.
fatal: Unable to create '/Users/chrisleatherwood/Desktop/scale-builder/.git/index.lock': File exists.

Another git process seems to be running in this repository, e.g.
an editor opened by 'git commit'. Please make sure all processes
are terminated then try again. If it still fails, a git process
may have crashed in this repository earlier:
remove the file manually to continue.
Everything up-to-date
[Wed Apr  8 20:18:09 CDT 2026] Pushed to GitHub.
fatal: Unable to create '/Users/chrisleatherwood/Desktop/scale-builder/.git/index.lock': File exists.

Another git process seems to be running in this repository, e.g.
an editor opened by 'git commit'. Please make sure all processes
are terminated then try again. If it still fails, a git process
may have crashed in this repository earlier:
remove the file manually to continue.
Everything up-to-date
[Wed Apr  8 20:18:14 CDT 2026] Pushed to GitHub.
fatal: Unable to create '/Users/chrisleatherwood/Desktop/scale-builder/.git/index.lock': File exists.

Another git process seems to be running in this repository, e.g.
an editor opened by 'git commit'. Please make sure all processes
are terminated then try again. If it still fails, a git process
may have crashed in this repository earlier:
remove the file manually to continue.
Everything up-to-date
[Wed Apr  8 20:18:18 CDT 2026] Pushed to GitHub.
fatal: Unable to create '/Users/chrisleatherwood/Desktop/scale-builder/.git/index.lock': File exists.

Another git process seems to be running in this repository, e.g.
an editor opened by 'git commit'. Please make sure all processes
are terminated then try again. If it still fails, a git process
may have crashed in this repository earlier:
remove the file manually to continue.
Everything up-to-date
[Wed Apr  8 20:18:23 CDT 2026] Pushed to GitHub.
fatal: Unable to create '/Users/chrisleatherwood/Desktop/scale-builder/.git/index.lock': File exists.

Another git process seems to be running in this repository, e.g.
an editor opened by 'git commit'. Please make sure all processes
are terminated then try again. If it still fails, a git process
may have crashed in this repository earlier:
remove the file manually to continue.
Everything up-to-date
[Wed Apr  8 20:18:28 CDT 2026] Pushed to GitHub.
fatal: Unable to create '/Users/chrisleatherwood/Desktop/scale-builder/.git/index.lock': File exists.

Another git process seems to be running in this repository, e.g.
an editor opened by 'git commit'. Please make sure all processes
are terminated then try again. If it still fails, a git process
may have crashed in this repository earlier:
remove the file manually to continue.
Everything up-to-date
[Wed Apr  8 20:18:34 CDT 2026] Pushed to GitHub.
fatal: Unable to create '/Users/chrisleatherwood/Desktop/scale-builder/.git/index.lock': File exists.

Another git process seems to be running in this repository, e.g.
an editor opened by 'git commit'. Please make sure all processes
are terminated then try again. If it still fails, a git process
may have crashed in this repository earlier:
remove the file manually to continue.
Everything up-to-date
[Wed Apr  8 20:18:38 CDT 2026] Pushed to GitHub.
fatal: Unable to create '/Users/chrisleatherwood/Desktop/scale-builder/.git/index.lock': File exists.

Another git process seems to be running in this repository, e.g.
an editor opened by 'git commit'. Please make sure all processes
are terminated then try again. If it still fails, a git process
may have crashed in this repository earlier:
remove the file manually to continue.
Everything up-to-date
[Wed Apr  8 20:18:43 CDT 2026] Pushed to GitHub.
fatal: Unable to create '/Users/chrisleatherwood/Desktop/scale-builder/.git/index.lock': File exists.

Another git process seems to be running in this repository, e.g.
an editor opened by 'git commit'. Please make sure all processes
are terminated then try again. If it still fails, a git process
may have crashed in this repository earlier:
remove the file manually to continue.
Everything up-to-date
[Wed Apr  8 20:18:48 CDT 2026] Pushed to GitHub.
fatal: Unable to create '/Users/chrisleatherwood/Desktop/scale-builder/.git/index.lock': File exists.

Another git process seems to be running in this repository, e.g.
an editor opened by 'git commit'. Please make sure all processes
are terminated then try again. If it still fails, a git process
may have crashed in this repository earlier:
remove the file manually to continue.
Everything up-to-date
[Wed Apr  8 20:18:52 CDT 2026] Pushed to GitHub.
fatal: Unable to create '/Users/chrisleatherwood/Desktop/scale-builder/.git/index.lock': File exists.

Another git process seems to be running in this repository, e.g.
an editor opened by 'git commit'. Please make sure all processes
are terminated then try again. If it still fails, a git process
may have crashed in this repository earlier:
remove the file manually to continue.
Everything up-to-date
[Wed Apr  8 20:18:57 CDT 2026] Pushed to GitHub.
fatal: Unable to create '/Users/chrisleatherwood/Desktop/scale-builder/.git/index.lock': File exists.

Another git process seems to be running in this repository, e.g.
an editor opened by 'git commit'. Please make sure all processes
are terminated then try again. If it still fails, a git process
may have crashed in this repository earlier:
remove the file manually to continue.
Everything up-to-date
[Wed Apr  8 20:19:02 CDT 2026] Pushed to GitHub.
fatal: Unable to create '/Users/chrisleatherwood/Desktop/scale-builder/.git/index.lock': File exists.

Another git process seems to be running in this repository, e.g.
an editor opened by 'git commit'. Please make sure all processes
are terminated then try again. If it still fails, a git process
may have crashed in this repository earlier:
remove the file manually to continue.
Everything up-to-date
[Wed Apr  8 20:19:08 CDT 2026] Pushed to GitHub.
fatal: Unable to create '/Users/chrisleatherwood/Desktop/scale-builder/.git/index.lock': File exists.

Another git process seems to be running in this repository, e.g.
an editor opened by 'git commit'. Please make sure all processes
are terminated then try again. If it still fails, a git process
may have crashed in this repository earlier:
remove the file manually to continue.
Everything up-to-date
[Wed Apr  8 20:19:12 CDT 2026] Pushed to GitHub.
fatal: Unable to create '/Users/chrisleatherwood/Desktop/scale-builder/.git/index.lock': File exists.

Another git process seems to be running in this repository, e.g.
an editor opened by 'git commit'. Please make sure all processes
are terminated then try again. If it still fails, a git process
may have crashed in this repository earlier:
remove the file manually to continue.
Everything up-to-date
[Wed Apr  8 20:19:17 CDT 2026] Pushed to GitHub.
fatal: Unable to create '/Users/chrisleatherwood/Desktop/scale-builder/.git/index.lock': File exists.

Another git process seems to be running in this repository, e.g.
an editor opened by 'git commit'. Please make sure all processes
are terminated then try again. If it still fails, a git process
may have crashed in this repository earlier:
remove the file manually to continue.
Everything up-to-date
[Wed Apr  8 20:19:22 CDT 2026] Pushed to GitHub.
fatal: Unable to create '/Users/chrisleatherwood/Desktop/scale-builder/.git/index.lock': File exists.

Another git process seems to be running in this repository, e.g.
an editor opened by 'git commit'. Please make sure all processes
are terminated then try again. If it still fails, a git process
may have crashed in this repository earlier:
remove the file manually to continue.
Everything up-to-date
[Wed Apr  8 20:19:27 CDT 2026] Pushed to GitHub.
fatal: Unable to create '/Users/chrisleatherwood/Desktop/scale-builder/.git/index.lock': File exists.

Another git process seems to be running in this repository, e.g.
an editor opened by 'git commit'. Please make sure all processes
are terminated then try again. If it still fails, a git process
may have crashed in this repository earlier:
remove the file manually to continue.
Everything up-to-date
[Wed Apr  8 20:19:32 CDT 2026] Pushed to GitHub.
fatal: Unable to create '/Users/chrisleatherwood/Desktop/scale-builder/.git/index.lock': File exists.

Another git process seems to be running in this repository, e.g.
an editor opened by 'git commit'. Please make sure all processes
are terminated then try again. If it still fails, a git process
may have crashed in this repository earlier:
remove the file manually to continue.
Everything up-to-date
[Wed Apr  8 20:19:37 CDT 2026] Pushed to GitHub.
fatal: Unable to create '/Users/chrisleatherwood/Desktop/scale-builder/.git/index.lock': File exists.

Another git process seems to be running in this repository, e.g.
an editor opened by 'git commit'. Please make sure all processes
are terminated then try again. If it still fails, a git process
may have crashed in this repository earlier:
remove the file manually to continue.
Everything up-to-date
[Wed Apr  8 20:19:42 CDT 2026] Pushed to GitHub.
fatal: Unable to create '/Users/chrisleatherwood/Desktop/scale-builder/.git/index.lock': File exists.

Another git process seems to be running in this repository, e.g.
an editor opened by 'git commit'. Please make sure all processes
are terminated then try again. If it still fails, a git process
may have crashed in this repository earlier:
remove the file manually to continue.
Everything up-to-date
[Wed Apr  8 20:19:47 CDT 2026] Pushed to GitHub.
fatal: Unable to create '/Users/chrisleatherwood/Desktop/scale-builder/.git/index.lock': File exists.

Another git process seems to be running in this repository, e.g.
an editor opened by 'git commit'. Please make sure all processes
are terminated then try again. If it still fails, a git process
may have crashed in this repository earlier:
remove the file manually to continue.
Everything up-to-date
[Wed Apr  8 20:19:51 CDT 2026] Pushed to GitHub.
fatal: Unable to create '/Users/chrisleatherwood/Desktop/scale-builder/.git/index.lock': File exists.

Another git process seems to be running in this repository, e.g.
an editor opened by 'git commit'. Please make sure all processes
are terminated then try again. If it still fails, a git process
may have crashed in this repository earlier:
remove the file manually to continue.
Everything up-to-date
[Wed Apr  8 20:19:56 CDT 2026] Pushed to GitHub.
fatal: Unable to create '/Users/chrisleatherwood/Desktop/scale-builder/.git/index.lock': File exists.

Another git process seems to be running in this repository, e.g.
an editor opened by 'git commit'. Please make sure all processes
are terminated then try again. If it still fails, a git process
may have crashed in this repository earlier:
remove the file manually to continue.
Everything up-to-date
[Wed Apr  8 20:20:01 CDT 2026] Pushed to GitHub.
fatal: Unable to create '/Users/chrisleatherwood/Desktop/scale-builder/.git/index.lock': File exists.

Another git process seems to be running in this repository, e.g.
an editor opened by 'git commit'. Please make sure all processes
are terminated then try again. If it still fails, a git process
may have crashed in this repository earlier:
remove the file manually to continue.
Everything up-to-date
[Wed Apr  8 20:20:06 CDT 2026] Pushed to GitHub.
fatal: Unable to create '/Users/chrisleatherwood/Desktop/scale-builder/.git/index.lock': File exists.

Another git process seems to be running in this repository, e.g.
an editor opened by 'git commit'. Please make sure all processes
are terminated then try again. If it still fails, a git process
may have crashed in this repository earlier:
remove the file manually to continue.
Everything up-to-date
[Wed Apr  8 20:20:12 CDT 2026] Pushed to GitHub.
fatal: Unable to create '/Users/chrisleatherwood/Desktop/scale-builder/.git/index.lock': File exists.

Another git process seems to be running in this repository, e.g.
an editor opened by 'git commit'. Please make sure all processes
are terminated then try again. If it still fails, a git process
may have crashed in this repository earlier:
remove the file manually to continue.
Everything up-to-date
[Wed Apr  8 20:20:17 CDT 2026] Pushed to GitHub.
fatal: Unable to create '/Users/chrisleatherwood/Desktop/scale-builder/.git/index.lock': File exists.

Another git process seems to be running in this repository, e.g.
an editor opened by 'git commit'. Please make sure all processes
are terminated then try again. If it still fails, a git process
may have crashed in this repository earlier:
remove the file manually to continue.
Everything up-to-date
[Wed Apr  8 20:20:21 CDT 2026] Pushed to GitHub.
fatal: Unable to create '/Users/chrisleatherwood/Desktop/scale-builder/.git/index.lock': File exists.

Another git process seems to be running in this repository, e.g.
an editor opened by 'git commit'. Please make sure all processes
are terminated then try again. If it still fails, a git process
may have crashed in this repository earlier:
remove the file manually to continue.
Everything up-to-date
[Wed Apr  8 20:20:26 CDT 2026] Pushed to GitHub.
fatal: Unable to create '/Users/chrisleatherwood/Desktop/scale-builder/.git/index.lock': File exists.

Another git process seems to be running in this repository, e.g.
an editor opened by 'git commit'. Please make sure all processes
are terminated then try again. If it still fails, a git process
may have crashed in this repository earlier:
remove the file manually to continue.
Everything up-to-date
[Wed Apr  8 20:20:31 CDT 2026] Pushed to GitHub.
fatal: Unable to create '/Users/chrisleatherwood/Desktop/scale-builder/.git/index.lock': File exists.

Another git process seems to be running in this repository, e.g.
an editor opened by 'git commit'. Please make sure all processes
are terminated then try again. If it still fails, a git process
may have crashed in this repository earlier:
remove the file manually to continue.
Everything up-to-date
[Wed Apr  8 20:20:37 CDT 2026] Pushed to GitHub.
fatal: Unable to create '/Users/chrisleatherwood/Desktop/scale-builder/.git/index.lock': File exists.

Another git process seems to be running in this repository, e.g.
an editor opened by 'git commit'. Please make sure all processes
are terminated then try again. If it still fails, a git process
may have crashed in this repository earlier:
remove the file manually to continue.
Everything up-to-date
[Wed Apr  8 20:20:41 CDT 2026] Pushed to GitHub.
fatal: Unable to create '/Users/chrisleatherwood/Desktop/scale-builder/.git/index.lock': File exists.

Another git process seems to be running in this repository, e.g.
an editor opened by 'git commit'. Please make sure all processes
are terminated then try again. If it still fails, a git process
may have crashed in this repository earlier:
remove the file manually to continue.
Everything up-to-date
[Wed Apr  8 20:20:46 CDT 2026] Pushed to GitHub.
fatal: Unable to create '/Users/chrisleatherwood/Desktop/scale-builder/.git/index.lock': File exists.

Another git process seems to be running in this repository, e.g.
an editor opened by 'git commit'. Please make sure all processes
are terminated then try again. If it still fails, a git process
may have crashed in this repository earlier:
remove the file manually to continue.
Everything up-to-date
[Wed Apr  8 20:20:51 CDT 2026] Pushed to GitHub.
fatal: Unable to create '/Users/chrisleatherwood/Desktop/scale-builder/.git/index.lock': File exists.

Another git process seems to be running in this repository, e.g.
an editor opened by 'git commit'. Please make sure all processes
are terminated then try again. If it still fails, a git process
may have crashed in this repository earlier:
remove the file manually to continue.
Everything up-to-date
[Wed Apr  8 20:20:55 CDT 2026] Pushed to GitHub.
fatal: Unable to create '/Users/chrisleatherwood/Desktop/scale-builder/.git/index.lock': File exists.

Another git process seems to be running in this repository, e.g.
an editor opened by 'git commit'. Please make sure all processes
are terminated then try again. If it still fails, a git process
may have crashed in this repository earlier:
remove the file manually to continue.
Everything up-to-date
[Wed Apr  8 20:21:01 CDT 2026] Pushed to GitHub.
fatal: Unable to create '/Users/chrisleatherwood/Desktop/scale-builder/.git/index.lock': File exists.

Another git process seems to be running in this repository, e.g.
an editor opened by 'git commit'. Please make sure all processes
are terminated then try again. If it still fails, a git process
may have crashed in this repository earlier:
remove the file manually to continue.
Everything up-to-date
[Wed Apr  8 20:21:05 CDT 2026] Pushed to GitHub.
fatal: Unable to create '/Users/chrisleatherwood/Desktop/scale-builder/.git/index.lock': File exists.

Another git process seems to be running in this repository, e.g.
an editor opened by 'git commit'. Please make sure all processes
are terminated then try again. If it still fails, a git process
may have crashed in this repository earlier:
remove the file manually to continue.
Everything up-to-date
[Wed Apr  8 20:21:11 CDT 2026] Pushed to GitHub.
fatal: Unable to create '/Users/chrisleatherwood/Desktop/scale-builder/.git/index.lock': File exists.

Another git process seems to be running in this repository, e.g.
an editor opened by 'git commit'. Please make sure all processes
are terminated then try again. If it still fails, a git process
may have crashed in this repository earlier:
remove the file manually to continue.
Everything up-to-date
[Wed Apr  8 20:21:16 CDT 2026] Pushed to GitHub.
fatal: Unable to create '/Users/chrisleatherwood/Desktop/scale-builder/.git/index.lock': File exists.

Another git process seems to be running in this repository, e.g.
an editor opened by 'git commit'. Please make sure all processes
are terminated then try again. If it still fails, a git process
may have crashed in this repository earlier:
remove the file manually to continue.
Everything up-to-date
[Wed Apr  8 20:21:21 CDT 2026] Pushed to GitHub.
fatal: Unable to create '/Users/chrisleatherwood/Desktop/scale-builder/.git/index.lock': File exists.

Another git process seems to be running in this repository, e.g.
an editor opened by 'git commit'. Please make sure all processes
are terminated then try again. If it still fails, a git process
may have crashed in this repository earlier:
remove the file manually to continue.
Everything up-to-date
[Wed Apr  8 20:21:26 CDT 2026] Pushed to GitHub.
fatal: Unable to create '/Users/chrisleatherwood/Desktop/scale-builder/.git/index.lock': File exists.

Another git process seems to be running in this repository, e.g.
an editor opened by 'git commit'. Please make sure all processes
are terminated then try again. If it still fails, a git process
may have crashed in this repository earlier:
remove the file manually to continue.
Everything up-to-date
[Wed Apr  8 20:21:31 CDT 2026] Pushed to GitHub.
fatal: Unable to create '/Users/chrisleatherwood/Desktop/scale-builder/.git/index.lock': File exists.

Another git process seems to be running in this repository, e.g.
an editor opened by 'git commit'. Please make sure all processes
are terminated then try again. If it still fails, a git process
may have crashed in this repository earlier:
remove the file manually to continue.
Everything up-to-date
[Wed Apr  8 20:21:36 CDT 2026] Pushed to GitHub.
fatal: Unable to create '/Users/chrisleatherwood/Desktop/scale-builder/.git/index.lock': File exists.

Another git process seems to be running in this repository, e.g.
an editor opened by 'git commit'. Please make sure all processes
are terminated then try again. If it still fails, a git process
may have crashed in this repository earlier:
remove the file manually to continue.
Everything up-to-date
[Wed Apr  8 20:21:41 CDT 2026] Pushed to GitHub.
fatal: Unable to create '/Users/chrisleatherwood/Desktop/scale-builder/.git/index.lock': File exists.

Another git process seems to be running in this repository, e.g.
an editor opened by 'git commit'. Please make sure all processes
are terminated then try again. If it still fails, a git process
may have crashed in this repository earlier:
remove the file manually to continue.
Everything up-to-date
[Wed Apr  8 20:21:46 CDT 2026] Pushed to GitHub.
fatal: Unable to create '/Users/chrisleatherwood/Desktop/scale-builder/.git/index.lock': File exists.

Another git process seems to be running in this repository, e.g.
an editor opened by 'git commit'. Please make sure all processes
are terminated then try again. If it still fails, a git process
may have crashed in this repository earlier:
remove the file manually to continue.
Everything up-to-date
[Wed Apr  8 20:21:50 CDT 2026] Pushed to GitHub.
fatal: Unable to create '/Users/chrisleatherwood/Desktop/scale-builder/.git/index.lock': File exists.

Another git process seems to be running in this repository, e.g.
an editor opened by 'git commit'. Please make sure all processes
are terminated then try again. If it still fails, a git process
may have crashed in this repository earlier:
remove the file manually to continue.
Everything up-to-date
[Wed Apr  8 20:21:56 CDT 2026] Pushed to GitHub.
fatal: Unable to create '/Users/chrisleatherwood/Desktop/scale-builder/.git/index.lock': File exists.

Another git process seems to be running in this repository, e.g.
an editor opened by 'git commit'. Please make sure all processes
are terminated then try again. If it still fails, a git process
may have crashed in this repository earlier:
remove the file manually to continue.
Everything up-to-date
[Wed Apr  8 20:22:00 CDT 2026] Pushed to GitHub.
fatal: Unable to create '/Users/chrisleatherwood/Desktop/scale-builder/.git/index.lock': File exists.

Another git process seems to be running in this repository, e.g.
an editor opened by 'git commit'. Please make sure all processes
are terminated then try again. If it still fails, a git process
may have crashed in this repository earlier:
remove the file manually to continue.
Everything up-to-date
[Wed Apr  8 20:22:06 CDT 2026] Pushed to GitHub.
fatal: Unable to create '/Users/chrisleatherwood/Desktop/scale-builder/.git/index.lock': File exists.

Another git process seems to be running in this repository, e.g.
an editor opened by 'git commit'. Please make sure all processes
are terminated then try again. If it still fails, a git process
may have crashed in this repository earlier:
remove the file manually to continue.
Everything up-to-date
[Wed Apr  8 20:22:11 CDT 2026] Pushed to GitHub.
fatal: Unable to create '/Users/chrisleatherwood/Desktop/scale-builder/.git/index.lock': File exists.

Another git process seems to be running in this repository, e.g.
an editor opened by 'git commit'. Please make sure all processes
are terminated then try again. If it still fails, a git process
may have crashed in this repository earlier:
remove the file manually to continue.
Everything up-to-date
[Wed Apr  8 20:22:16 CDT 2026] Pushed to GitHub.
fatal: Unable to create '/Users/chrisleatherwood/Desktop/scale-builder/.git/index.lock': File exists.

Another git process seems to be running in this repository, e.g.
an editor opened by 'git commit'. Please make sure all processes
are terminated then try again. If it still fails, a git process
may have crashed in this repository earlier:
remove the file manually to continue.
Everything up-to-date
[Wed Apr  8 20:22:20 CDT 2026] Pushed to GitHub.
fatal: Unable to create '/Users/chrisleatherwood/Desktop/scale-builder/.git/index.lock': File exists.

Another git process seems to be running in this repository, e.g.
an editor opened by 'git commit'. Please make sure all processes
are terminated then try again. If it still fails, a git process
may have crashed in this repository earlier:
remove the file manually to continue.
Everything up-to-date
[Wed Apr  8 20:22:25 CDT 2026] Pushed to GitHub.
fatal: Unable to create '/Users/chrisleatherwood/Desktop/scale-builder/.git/index.lock': File exists.

Another git process seems to be running in this repository, e.g.
an editor opened by 'git commit'. Please make sure all processes
are terminated then try again. If it still fails, a git process
may have crashed in this repository earlier:
remove the file manually to continue.
Everything up-to-date
[Wed Apr  8 20:22:30 CDT 2026] Pushed to GitHub.
fatal: Unable to create '/Users/chrisleatherwood/Desktop/scale-builder/.git/index.lock': File exists.

Another git process seems to be running in this repository, e.g.
an editor opened by 'git commit'. Please make sure all processes
are terminated then try again. If it still fails, a git process
may have crashed in this repository earlier:
remove the file manually to continue.
Everything up-to-date
[Wed Apr  8 20:22:35 CDT 2026] Pushed to GitHub.
fatal: Unable to create '/Users/chrisleatherwood/Desktop/scale-builder/.git/index.lock': File exists.

Another git process seems to be running in this repository, e.g.
an editor opened by 'git commit'. Please make sure all processes
are terminated then try again. If it still fails, a git process
may have crashed in this repository earlier:
remove the file manually to continue.
Everything up-to-date
[Wed Apr  8 20:22:39 CDT 2026] Pushed to GitHub.
fatal: Unable to create '/Users/chrisleatherwood/Desktop/scale-builder/.git/index.lock': File exists.

Another git process seems to be running in this repository, e.g.
an editor opened by 'git commit'. Please make sure all processes
are terminated then try again. If it still fails, a git process
may have crashed in this repository earlier:
remove the file manually to continue.
Everything up-to-date
[Wed Apr  8 20:22:45 CDT 2026] Pushed to GitHub.
fatal: Unable to create '/Users/chrisleatherwood/Desktop/scale-builder/.git/index.lock': File exists.

Another git process seems to be running in this repository, e.g.
an editor opened by 'git commit'. Please make sure all processes
are terminated then try again. If it still fails, a git process
may have crashed in this repository earlier:
remove the file manually to continue.
Everything up-to-date
[Wed Apr  8 20:22:50 CDT 2026] Pushed to GitHub.
fatal: Unable to create '/Users/chrisleatherwood/Desktop/scale-builder/.git/index.lock': File exists.

Another git process seems to be running in this repository, e.g.
an editor opened by 'git commit'. Please make sure all processes
are terminated then try again. If it still fails, a git process
may have crashed in this repository earlier:
remove the file manually to continue.
Everything up-to-date
[Wed Apr  8 20:22:55 CDT 2026] Pushed to GitHub.
fatal: Unable to create '/Users/chrisleatherwood/Desktop/scale-builder/.git/index.lock': File exists.

Another git process seems to be running in this repository, e.g.
an editor opened by 'git commit'. Please make sure all processes
are terminated then try again. If it still fails, a git process
may have crashed in this repository earlier:
remove the file manually to continue.
Everything up-to-date
[Wed Apr  8 20:22:59 CDT 2026] Pushed to GitHub.
fatal: Unable to create '/Users/chrisleatherwood/Desktop/scale-builder/.git/index.lock': File exists.

Another git process seems to be running in this repository, e.g.
an editor opened by 'git commit'. Please make sure all processes
are terminated then try again. If it still fails, a git process
may have crashed in this repository earlier:
remove the file manually to continue.
Everything up-to-date
[Wed Apr  8 20:23:04 CDT 2026] Pushed to GitHub.
fatal: Unable to create '/Users/chrisleatherwood/Desktop/scale-builder/.git/index.lock': File exists.

Another git process seems to be running in this repository, e.g.
an editor opened by 'git commit'. Please make sure all processes
are terminated then try again. If it still fails, a git process
may have crashed in this repository earlier:
remove the file manually to continue.
Everything up-to-date
[Wed Apr  8 20:23:10 CDT 2026] Pushed to GitHub.
fatal: Unable to create '/Users/chrisleatherwood/Desktop/scale-builder/.git/index.lock': File exists.

Another git process seems to be running in this repository, e.g.
an editor opened by 'git commit'. Please make sure all processes
are terminated then try again. If it still fails, a git process
may have crashed in this repository earlier:
remove the file manually to continue.
Everything up-to-date
[Wed Apr  8 20:23:15 CDT 2026] Pushed to GitHub.
fatal: Unable to create '/Users/chrisleatherwood/Desktop/scale-builder/.git/index.lock': File exists.

Another git process seems to be running in this repository, e.g.
an editor opened by 'git commit'. Please make sure all processes
are terminated then try again. If it still fails, a git process
may have crashed in this repository earlier:
remove the file manually to continue.
Everything up-to-date
[Wed Apr  8 20:23:20 CDT 2026] Pushed to GitHub.
fatal: Unable to create '/Users/chrisleatherwood/Desktop/scale-builder/.git/index.lock': File exists.

Another git process seems to be running in this repository, e.g.
an editor opened by 'git commit'. Please make sure all processes
are terminated then try again. If it still fails, a git process
may have crashed in this repository earlier:
remove the file manually to continue.
Everything up-to-date
[Wed Apr  8 20:23:25 CDT 2026] Pushed to GitHub.
fatal: Unable to create '/Users/chrisleatherwood/Desktop/scale-builder/.git/index.lock': File exists.

Another git process seems to be running in this repository, e.g.
an editor opened by 'git commit'. Please make sure all processes
are terminated then try again. If it still fails, a git process
may have crashed in this repository earlier:
remove the file manually to continue.
Everything up-to-date
[Wed Apr  8 20:23:30 CDT 2026] Pushed to GitHub.
fatal: Unable to create '/Users/chrisleatherwood/Desktop/scale-builder/.git/index.lock': File exists.

Another git process seems to be running in this repository, e.g.
an editor opened by 'git commit'. Please make sure all processes
are terminated then try again. If it still fails, a git process
may have crashed in this repository earlier:
remove the file manually to continue.
Everything up-to-date
[Wed Apr  8 20:23:35 CDT 2026] Pushed to GitHub.
fatal: Unable to create '/Users/chrisleatherwood/Desktop/scale-builder/.git/index.lock': File exists.

Another git process seems to be running in this repository, e.g.
an editor opened by 'git commit'. Please make sure all processes
are terminated then try again. If it still fails, a git process
may have crashed in this repository earlier:
remove the file manually to continue.
Everything up-to-date
[Wed Apr  8 20:23:40 CDT 2026] Pushed to GitHub.
fatal: Unable to create '/Users/chrisleatherwood/Desktop/scale-builder/.git/index.lock': File exists.

Another git process seems to be running in this repository, e.g.
an editor opened by 'git commit'. Please make sure all processes
are terminated then try again. If it still fails, a git process
may have crashed in this repository earlier:
remove the file manually to continue.
Everything up-to-date
[Wed Apr  8 20:23:46 CDT 2026] Pushed to GitHub.
fatal: Unable to create '/Users/chrisleatherwood/Desktop/scale-builder/.git/index.lock': File exists.

Another git process seems to be running in this repository, e.g.
an editor opened by 'git commit'. Please make sure all processes
are terminated then try again. If it still fails, a git process
may have crashed in this repository earlier:
remove the file manually to continue.
Everything up-to-date
[Wed Apr  8 20:23:51 CDT 2026] Pushed to GitHub.
fatal: Unable to create '/Users/chrisleatherwood/Desktop/scale-builder/.git/index.lock': File exists.

Another git process seems to be running in this repository, e.g.
an editor opened by 'git commit'. Please make sure all processes
are terminated then try again. If it still fails, a git process
may have crashed in this repository earlier:
remove the file manually to continue.
Everything up-to-date
[Wed Apr  8 20:23:56 CDT 2026] Pushed to GitHub.
fatal: Unable to create '/Users/chrisleatherwood/Desktop/scale-builder/.git/index.lock': File exists.

Another git process seems to be running in this repository, e.g.
an editor opened by 'git commit'. Please make sure all processes
are terminated then try again. If it still fails, a git process
may have crashed in this repository earlier:
remove the file manually to continue.
Everything up-to-date
[Wed Apr  8 20:24:01 CDT 2026] Pushed to GitHub.
fatal: Unable to create '/Users/chrisleatherwood/Desktop/scale-builder/.git/index.lock': File exists.

Another git process seems to be running in this repository, e.g.
an editor opened by 'git commit'. Please make sure all processes
are terminated then try again. If it still fails, a git process
may have crashed in this repository earlier:
remove the file manually to continue.
Everything up-to-date
[Wed Apr  8 20:24:06 CDT 2026] Pushed to GitHub.
fatal: Unable to create '/Users/chrisleatherwood/Desktop/scale-builder/.git/index.lock': File exists.

Another git process seems to be running in this repository, e.g.
an editor opened by 'git commit'. Please make sure all processes
are terminated then try again. If it still fails, a git process
may have crashed in this repository earlier:
remove the file manually to continue.
Everything up-to-date
[Wed Apr  8 20:24:11 CDT 2026] Pushed to GitHub.
fatal: Unable to create '/Users/chrisleatherwood/Desktop/scale-builder/.git/index.lock': File exists.

Another git process seems to be running in this repository, e.g.
an editor opened by 'git commit'. Please make sure all processes
are terminated then try again. If it still fails, a git process
may have crashed in this repository earlier:
remove the file manually to continue.
Everything up-to-date
[Wed Apr  8 20:24:16 CDT 2026] Pushed to GitHub.
fatal: Unable to create '/Users/chrisleatherwood/Desktop/scale-builder/.git/index.lock': File exists.

Another git process seems to be running in this repository, e.g.
an editor opened by 'git commit'. Please make sure all processes
are terminated then try again. If it still fails, a git process
may have crashed in this repository earlier:
remove the file manually to continue.
Everything up-to-date
[Wed Apr  8 20:24:20 CDT 2026] Pushed to GitHub.
fatal: Unable to create '/Users/chrisleatherwood/Desktop/scale-builder/.git/index.lock': File exists.

Another git process seems to be running in this repository, e.g.
an editor opened by 'git commit'. Please make sure all processes
are terminated then try again. If it still fails, a git process
may have crashed in this repository earlier:
remove the file manually to continue.
Everything up-to-date
[Wed Apr  8 20:24:25 CDT 2026] Pushed to GitHub.
fatal: Unable to create '/Users/chrisleatherwood/Desktop/scale-builder/.git/index.lock': File exists.

Another git process seems to be running in this repository, e.g.
an editor opened by 'git commit'. Please make sure all processes
are terminated then try again. If it still fails, a git process
may have crashed in this repository earlier:
remove the file manually to continue.
Everything up-to-date
[Wed Apr  8 20:24:30 CDT 2026] Pushed to GitHub.
fatal: Unable to create '/Users/chrisleatherwood/Desktop/scale-builder/.git/index.lock': File exists.

Another git process seems to be running in this repository, e.g.
an editor opened by 'git commit'. Please make sure all processes
are terminated then try again. If it still fails, a git process
may have crashed in this repository earlier:
remove the file manually to continue.
Everything up-to-date
[Wed Apr  8 20:24:35 CDT 2026] Pushed to GitHub.
fatal: Unable to create '/Users/chrisleatherwood/Desktop/scale-builder/.git/index.lock': File exists.

Another git process seems to be running in this repository, e.g.
an editor opened by 'git commit'. Please make sure all processes
are terminated then try again. If it still fails, a git process
may have crashed in this repository earlier:
remove the file manually to continue.
Everything up-to-date
[Wed Apr  8 20:24:41 CDT 2026] Pushed to GitHub.
fatal: Unable to create '/Users/chrisleatherwood/Desktop/scale-builder/.git/index.lock': File exists.

Another git process seems to be running in this repository, e.g.
an editor opened by 'git commit'. Please make sure all processes
are terminated then try again. If it still fails, a git process
may have crashed in this repository earlier:
remove the file manually to continue.
Everything up-to-date
[Wed Apr  8 20:24:45 CDT 2026] Pushed to GitHub.
fatal: Unable to create '/Users/chrisleatherwood/Desktop/scale-builder/.git/index.lock': File exists.

Another git process seems to be running in this repository, e.g.
an editor opened by 'git commit'. Please make sure all processes
are terminated then try again. If it still fails, a git process
may have crashed in this repository earlier:
remove the file manually to continue.
Everything up-to-date
[Wed Apr  8 20:24:51 CDT 2026] Pushed to GitHub.
fatal: Unable to create '/Users/chrisleatherwood/Desktop/scale-builder/.git/index.lock': File exists.

Another git process seems to be running in this repository, e.g.
an editor opened by 'git commit'. Please make sure all processes
are terminated then try again. If it still fails, a git process
may have crashed in this repository earlier:
remove the file manually to continue.
Everything up-to-date
[Wed Apr  8 20:24:56 CDT 2026] Pushed to GitHub.
fatal: Unable to create '/Users/chrisleatherwood/Desktop/scale-builder/.git/index.lock': File exists.

Another git process seems to be running in this repository, e.g.
an editor opened by 'git commit'. Please make sure all processes
are terminated then try again. If it still fails, a git process
may have crashed in this repository earlier:
remove the file manually to continue.
Everything up-to-date
[Wed Apr  8 20:25:01 CDT 2026] Pushed to GitHub.
fatal: Unable to create '/Users/chrisleatherwood/Desktop/scale-builder/.git/index.lock': File exists.

Another git process seems to be running in this repository, e.g.
an editor opened by 'git commit'. Please make sure all processes
are terminated then try again. If it still fails, a git process
may have crashed in this repository earlier:
remove the file manually to continue.
Everything up-to-date
[Wed Apr  8 20:25:06 CDT 2026] Pushed to GitHub.
fatal: Unable to create '/Users/chrisleatherwood/Desktop/scale-builder/.git/index.lock': File exists.

Another git process seems to be running in this repository, e.g.
an editor opened by 'git commit'. Please make sure all processes
are terminated then try again. If it still fails, a git process
may have crashed in this repository earlier:
remove the file manually to continue.
Everything up-to-date
[Wed Apr  8 20:25:11 CDT 2026] Pushed to GitHub.
fatal: Unable to create '/Users/chrisleatherwood/Desktop/scale-builder/.git/index.lock': File exists.

Another git process seems to be running in this repository, e.g.
an editor opened by 'git commit'. Please make sure all processes
are terminated then try again. If it still fails, a git process
may have crashed in this repository earlier:
remove the file manually to continue.
Everything up-to-date
[Wed Apr  8 20:25:16 CDT 2026] Pushed to GitHub.
fatal: Unable to create '/Users/chrisleatherwood/Desktop/scale-builder/.git/index.lock': File exists.

Another git process seems to be running in this repository, e.g.
an editor opened by 'git commit'. Please make sure all processes
are terminated then try again. If it still fails, a git process
may have crashed in this repository earlier:
remove the file manually to continue.
Everything up-to-date
[Wed Apr  8 20:25:21 CDT 2026] Pushed to GitHub.
fatal: Unable to create '/Users/chrisleatherwood/Desktop/scale-builder/.git/index.lock': File exists.

Another git process seems to be running in this repository, e.g.
an editor opened by 'git commit'. Please make sure all processes
are terminated then try again. If it still fails, a git process
may have crashed in this repository earlier:
remove the file manually to continue.
Everything up-to-date
[Wed Apr  8 20:25:26 CDT 2026] Pushed to GitHub.
fatal: Unable to create '/Users/chrisleatherwood/Desktop/scale-builder/.git/index.lock': File exists.

Another git process seems to be running in this repository, e.g.
an editor opened by 'git commit'. Please make sure all processes
are terminated then try again. If it still fails, a git process
may have crashed in this repository earlier:
remove the file manually to continue.
Everything up-to-date
[Wed Apr  8 20:25:32 CDT 2026] Pushed to GitHub.
fatal: Unable to create '/Users/chrisleatherwood/Desktop/scale-builder/.git/index.lock': File exists.

Another git process seems to be running in this repository, e.g.
an editor opened by 'git commit'. Please make sure all processes
are terminated then try again. If it still fails, a git process
may have crashed in this repository earlier:
remove the file manually to continue.
Everything up-to-date
[Wed Apr  8 20:25:36 CDT 2026] Pushed to GitHub.
fatal: Unable to create '/Users/chrisleatherwood/Desktop/scale-builder/.git/index.lock': File exists.

Another git process seems to be running in this repository, e.g.
an editor opened by 'git commit'. Please make sure all processes
are terminated then try again. If it still fails, a git process
may have crashed in this repository earlier:
remove the file manually to continue.
Everything up-to-date
[Wed Apr  8 20:25:41 CDT 2026] Pushed to GitHub.
fatal: Unable to create '/Users/chrisleatherwood/Desktop/scale-builder/.git/index.lock': File exists.

Another git process seems to be running in this repository, e.g.
an editor opened by 'git commit'. Please make sure all processes
are terminated then try again. If it still fails, a git process
may have crashed in this repository earlier:
remove the file manually to continue.
Everything up-to-date
[Wed Apr  8 20:25:46 CDT 2026] Pushed to GitHub.
fatal: Unable to create '/Users/chrisleatherwood/Desktop/scale-builder/.git/index.lock': File exists.

Another git process seems to be running in this repository, e.g.
an editor opened by 'git commit'. Please make sure all processes
are terminated then try again. If it still fails, a git process
may have crashed in this repository earlier:
remove the file manually to continue.
Everything up-to-date
[Wed Apr  8 20:25:51 CDT 2026] Pushed to GitHub.
fatal: Unable to create '/Users/chrisleatherwood/Desktop/scale-builder/.git/index.lock': File exists.

Another git process seems to be running in this repository, e.g.
an editor opened by 'git commit'. Please make sure all processes
are terminated then try again. If it still fails, a git process
may have crashed in this repository earlier:
remove the file manually to continue.
Everything up-to-date
[Wed Apr  8 20:25:56 CDT 2026] Pushed to GitHub.
fatal: Unable to create '/Users/chrisleatherwood/Desktop/scale-builder/.git/index.lock': File exists.

Another git process seems to be running in this repository, e.g.
an editor opened by 'git commit'. Please make sure all processes
are terminated then try again. If it still fails, a git process
may have crashed in this repository earlier:
remove the file manually to continue.
Everything up-to-date
[Wed Apr  8 20:26:01 CDT 2026] Pushed to GitHub.
fatal: Unable to create '/Users/chrisleatherwood/Desktop/scale-builder/.git/index.lock': File exists.

Another git process seems to be running in this repository, e.g.
an editor opened by 'git commit'. Please make sure all processes
are terminated then try again. If it still fails, a git process
may have crashed in this repository earlier:
remove the file manually to continue.
Everything up-to-date
[Wed Apr  8 20:26:06 CDT 2026] Pushed to GitHub.
fatal: Unable to create '/Users/chrisleatherwood/Desktop/scale-builder/.git/index.lock': File exists.

Another git process seems to be running in this repository, e.g.
an editor opened by 'git commit'. Please make sure all processes
are terminated then try again. If it still fails, a git process
may have crashed in this repository earlier:
remove the file manually to continue.
Everything up-to-date
[Wed Apr  8 20:26:12 CDT 2026] Pushed to GitHub.
fatal: Unable to create '/Users/chrisleatherwood/Desktop/scale-builder/.git/index.lock': File exists.

Another git process seems to be running in this repository, e.g.
an editor opened by 'git commit'. Please make sure all processes
are terminated then try again. If it still fails, a git process
may have crashed in this repository earlier:
remove the file manually to continue.
Everything up-to-date
[Wed Apr  8 20:26:16 CDT 2026] Pushed to GitHub.
fatal: Unable to create '/Users/chrisleatherwood/Desktop/scale-builder/.git/index.lock': File exists.

Another git process seems to be running in this repository, e.g.
an editor opened by 'git commit'. Please make sure all processes
are terminated then try again. If it still fails, a git process
may have crashed in this repository earlier:
remove the file manually to continue.
Everything up-to-date
[Wed Apr  8 20:26:21 CDT 2026] Pushed to GitHub.
fatal: Unable to create '/Users/chrisleatherwood/Desktop/scale-builder/.git/index.lock': File exists.

Another git process seems to be running in this repository, e.g.
an editor opened by 'git commit'. Please make sure all processes
are terminated then try again. If it still fails, a git process
may have crashed in this repository earlier:
remove the file manually to continue.
Everything up-to-date
[Wed Apr  8 20:26:27 CDT 2026] Pushed to GitHub.
fatal: Unable to create '/Users/chrisleatherwood/Desktop/scale-builder/.git/index.lock': File exists.

Another git process seems to be running in this repository, e.g.
an editor opened by 'git commit'. Please make sure all processes
are terminated then try again. If it still fails, a git process
may have crashed in this repository earlier:
remove the file manually to continue.
Everything up-to-date
[Wed Apr  8 20:26:31 CDT 2026] Pushed to GitHub.
fatal: Unable to create '/Users/chrisleatherwood/Desktop/scale-builder/.git/index.lock': File exists.

Another git process seems to be running in this repository, e.g.
an editor opened by 'git commit'. Please make sure all processes
are terminated then try again. If it still fails, a git process
may have crashed in this repository earlier:
remove the file manually to continue.
Everything up-to-date
[Wed Apr  8 20:26:37 CDT 2026] Pushed to GitHub.
fatal: Unable to create '/Users/chrisleatherwood/Desktop/scale-builder/.git/index.lock': File exists.

Another git process seems to be running in this repository, e.g.
an editor opened by 'git commit'. Please make sure all processes
are terminated then try again. If it still fails, a git process
may have crashed in this repository earlier:
remove the file manually to continue.
Everything up-to-date
[Wed Apr  8 20:26:41 CDT 2026] Pushed to GitHub.
fatal: Unable to create '/Users/chrisleatherwood/Desktop/scale-builder/.git/index.lock': File exists.

Another git process seems to be running in this repository, e.g.
an editor opened by 'git commit'. Please make sure all processes
are terminated then try again. If it still fails, a git process
may have crashed in this repository earlier:
remove the file manually to continue.
Everything up-to-date
[Wed Apr  8 20:26:46 CDT 2026] Pushed to GitHub.
fatal: Unable to create '/Users/chrisleatherwood/Desktop/scale-builder/.git/index.lock': File exists.

Another git process seems to be running in this repository, e.g.
an editor opened by 'git commit'. Please make sure all processes
are terminated then try again. If it still fails, a git process
may have crashed in this repository earlier:
remove the file manually to continue.
Everything up-to-date
[Wed Apr  8 20:26:51 CDT 2026] Pushed to GitHub.
fatal: Unable to create '/Users/chrisleatherwood/Desktop/scale-builder/.git/index.lock': File exists.

Another git process seems to be running in this repository, e.g.
an editor opened by 'git commit'. Please make sure all processes
are terminated then try again. If it still fails, a git process
may have crashed in this repository earlier:
remove the file manually to continue.
Everything up-to-date
[Wed Apr  8 20:26:56 CDT 2026] Pushed to GitHub.
fatal: Unable to create '/Users/chrisleatherwood/Desktop/scale-builder/.git/index.lock': File exists.

Another git process seems to be running in this repository, e.g.
an editor opened by 'git commit'. Please make sure all processes
are terminated then try again. If it still fails, a git process
may have crashed in this repository earlier:
remove the file manually to continue.
Everything up-to-date
[Wed Apr  8 20:27:01 CDT 2026] Pushed to GitHub.
fatal: Unable to create '/Users/chrisleatherwood/Desktop/scale-builder/.git/index.lock': File exists.

Another git process seems to be running in this repository, e.g.
an editor opened by 'git commit'. Please make sure all processes
are terminated then try again. If it still fails, a git process
may have crashed in this repository earlier:
remove the file manually to continue.
Everything up-to-date
[Wed Apr  8 20:27:06 CDT 2026] Pushed to GitHub.
fatal: Unable to create '/Users/chrisleatherwood/Desktop/scale-builder/.git/index.lock': File exists.

Another git process seems to be running in this repository, e.g.
an editor opened by 'git commit'. Please make sure all processes
are terminated then try again. If it still fails, a git process
may have crashed in this repository earlier:
remove the file manually to continue.
Everything up-to-date
[Wed Apr  8 20:27:11 CDT 2026] Pushed to GitHub.
fatal: Unable to create '/Users/chrisleatherwood/Desktop/scale-builder/.git/index.lock': File exists.

Another git process seems to be running in this repository, e.g.
an editor opened by 'git commit'. Please make sure all processes
are terminated then try again. If it still fails, a git process
may have crashed in this repository earlier:
remove the file manually to continue.
Everything up-to-date
[Wed Apr  8 20:27:16 CDT 2026] Pushed to GitHub.
fatal: Unable to create '/Users/chrisleatherwood/Desktop/scale-builder/.git/index.lock': File exists.

Another git process seems to be running in this repository, e.g.
an editor opened by 'git commit'. Please make sure all processes
are terminated then try again. If it still fails, a git process
may have crashed in this repository earlier:
remove the file manually to continue.
Everything up-to-date
[Wed Apr  8 20:27:21 CDT 2026] Pushed to GitHub.
fatal: Unable to create '/Users/chrisleatherwood/Desktop/scale-builder/.git/index.lock': File exists.

Another git process seems to be running in this repository, e.g.
an editor opened by 'git commit'. Please make sure all processes
are terminated then try again. If it still fails, a git process
may have crashed in this repository earlier:
remove the file manually to continue.
Everything up-to-date
[Wed Apr  8 20:27:26 CDT 2026] Pushed to GitHub.
fatal: Unable to create '/Users/chrisleatherwood/Desktop/scale-builder/.git/index.lock': File exists.

Another git process seems to be running in this repository, e.g.
an editor opened by 'git commit'. Please make sure all processes
are terminated then try again. If it still fails, a git process
may have crashed in this repository earlier:
remove the file manually to continue.
Everything up-to-date
[Wed Apr  8 20:27:31 CDT 2026] Pushed to GitHub.
fatal: Unable to create '/Users/chrisleatherwood/Desktop/scale-builder/.git/index.lock': File exists.

Another git process seems to be running in this repository, e.g.
an editor opened by 'git commit'. Please make sure all processes
are terminated then try again. If it still fails, a git process
may have crashed in this repository earlier:
remove the file manually to continue.
Everything up-to-date
[Wed Apr  8 20:27:36 CDT 2026] Pushed to GitHub.
fatal: Unable to create '/Users/chrisleatherwood/Desktop/scale-builder/.git/index.lock': File exists.

Another git process seems to be running in this repository, e.g.
an editor opened by 'git commit'. Please make sure all processes
are terminated then try again. If it still fails, a git process
may have crashed in this repository earlier:
remove the file manually to continue.
Everything up-to-date
[Wed Apr  8 20:27:41 CDT 2026] Pushed to GitHub.
fatal: Unable to create '/Users/chrisleatherwood/Desktop/scale-builder/.git/index.lock': File exists.

Another git process seems to be running in this repository, e.g.
an editor opened by 'git commit'. Please make sure all processes
are terminated then try again. If it still fails, a git process
may have crashed in this repository earlier:
remove the file manually to continue.
Everything up-to-date
[Wed Apr  8 20:27:46 CDT 2026] Pushed to GitHub.
fatal: Unable to create '/Users/chrisleatherwood/Desktop/scale-builder/.git/index.lock': File exists.

Another git process seems to be running in this repository, e.g.
an editor opened by 'git commit'. Please make sure all processes
are terminated then try again. If it still fails, a git process
may have crashed in this repository earlier:
remove the file manually to continue.
Everything up-to-date
[Wed Apr  8 20:27:51 CDT 2026] Pushed to GitHub.
fatal: Unable to create '/Users/chrisleatherwood/Desktop/scale-builder/.git/index.lock': File exists.

Another git process seems to be running in this repository, e.g.
an editor opened by 'git commit'. Please make sure all processes
are terminated then try again. If it still fails, a git process
may have crashed in this repository earlier:
remove the file manually to continue.
Everything up-to-date
[Wed Apr  8 20:27:56 CDT 2026] Pushed to GitHub.
fatal: Unable to create '/Users/chrisleatherwood/Desktop/scale-builder/.git/index.lock': File exists.

Another git process seems to be running in this repository, e.g.
an editor opened by 'git commit'. Please make sure all processes
are terminated then try again. If it still fails, a git process
may have crashed in this repository earlier:
remove the file manually to continue.
Everything up-to-date
[Wed Apr  8 20:28:01 CDT 2026] Pushed to GitHub.
fatal: Unable to create '/Users/chrisleatherwood/Desktop/scale-builder/.git/index.lock': File exists.

Another git process seems to be running in this repository, e.g.
an editor opened by 'git commit'. Please make sure all processes
are terminated then try again. If it still fails, a git process
may have crashed in this repository earlier:
remove the file manually to continue.
Everything up-to-date
[Wed Apr  8 20:28:06 CDT 2026] Pushed to GitHub.
fatal: Unable to create '/Users/chrisleatherwood/Desktop/scale-builder/.git/index.lock': File exists.

Another git process seems to be running in this repository, e.g.
an editor opened by 'git commit'. Please make sure all processes
are terminated then try again. If it still fails, a git process
may have crashed in this repository earlier:
remove the file manually to continue.
Everything up-to-date
[Wed Apr  8 20:28:11 CDT 2026] Pushed to GitHub.
fatal: Unable to create '/Users/chrisleatherwood/Desktop/scale-builder/.git/index.lock': File exists.

Another git process seems to be running in this repository, e.g.
an editor opened by 'git commit'. Please make sure all processes
are terminated then try again. If it still fails, a git process
may have crashed in this repository earlier:
remove the file manually to continue.
Everything up-to-date
[Wed Apr  8 20:28:16 CDT 2026] Pushed to GitHub.
fatal: Unable to create '/Users/chrisleatherwood/Desktop/scale-builder/.git/index.lock': File exists.

Another git process seems to be running in this repository, e.g.
an editor opened by 'git commit'. Please make sure all processes
are terminated then try again. If it still fails, a git process
may have crashed in this repository earlier:
remove the file manually to continue.
Everything up-to-date
[Wed Apr  8 20:28:21 CDT 2026] Pushed to GitHub.
fatal: Unable to create '/Users/chrisleatherwood/Desktop/scale-builder/.git/index.lock': File exists.

Another git process seems to be running in this repository, e.g.
an editor opened by 'git commit'. Please make sure all processes
are terminated then try again. If it still fails, a git process
may have crashed in this repository earlier:
remove the file manually to continue.
Everything up-to-date
[Wed Apr  8 20:28:26 CDT 2026] Pushed to GitHub.
fatal: Unable to create '/Users/chrisleatherwood/Desktop/scale-builder/.git/index.lock': File exists.

Another git process seems to be running in this repository, e.g.
an editor opened by 'git commit'. Please make sure all processes
are terminated then try again. If it still fails, a git process
may have crashed in this repository earlier:
remove the file manually to continue.
Everything up-to-date
[Wed Apr  8 20:28:31 CDT 2026] Pushed to GitHub.
fatal: Unable to create '/Users/chrisleatherwood/Desktop/scale-builder/.git/index.lock': File exists.

Another git process seems to be running in this repository, e.g.
an editor opened by 'git commit'. Please make sure all processes
are terminated then try again. If it still fails, a git process
may have crashed in this repository earlier:
remove the file manually to continue.
Everything up-to-date
[Wed Apr  8 20:28:36 CDT 2026] Pushed to GitHub.
fatal: Unable to create '/Users/chrisleatherwood/Desktop/scale-builder/.git/index.lock': File exists.

Another git process seems to be running in this repository, e.g.
an editor opened by 'git commit'. Please make sure all processes
are terminated then try again. If it still fails, a git process
may have crashed in this repository earlier:
remove the file manually to continue.
Everything up-to-date
[Wed Apr  8 20:28:41 CDT 2026] Pushed to GitHub.
fatal: Unable to create '/Users/chrisleatherwood/Desktop/scale-builder/.git/index.lock': File exists.

Another git process seems to be running in this repository, e.g.
an editor opened by 'git commit'. Please make sure all processes
are terminated then try again. If it still fails, a git process
may have crashed in this repository earlier:
remove the file manually to continue.
Everything up-to-date
[Wed Apr  8 20:28:46 CDT 2026] Pushed to GitHub.
fatal: Unable to create '/Users/chrisleatherwood/Desktop/scale-builder/.git/index.lock': File exists.

Another git process seems to be running in this repository, e.g.
an editor opened by 'git commit'. Please make sure all processes
are terminated then try again. If it still fails, a git process
may have crashed in this repository earlier:
remove the file manually to continue.
Everything up-to-date
[Wed Apr  8 20:28:51 CDT 2026] Pushed to GitHub.
fatal: Unable to create '/Users/chrisleatherwood/Desktop/scale-builder/.git/index.lock': File exists.

Another git process seems to be running in this repository, e.g.
an editor opened by 'git commit'. Please make sure all processes
are terminated then try again. If it still fails, a git process
may have crashed in this repository earlier:
remove the file manually to continue.
Everything up-to-date
[Wed Apr  8 20:28:56 CDT 2026] Pushed to GitHub.
fatal: Unable to create '/Users/chrisleatherwood/Desktop/scale-builder/.git/index.lock': File exists.

Another git process seems to be running in this repository, e.g.
an editor opened by 'git commit'. Please make sure all processes
are terminated then try again. If it still fails, a git process
may have crashed in this repository earlier:
remove the file manually to continue.
Everything up-to-date
[Wed Apr  8 20:29:01 CDT 2026] Pushed to GitHub.
fatal: Unable to create '/Users/chrisleatherwood/Desktop/scale-builder/.git/index.lock': File exists.

Another git process seems to be running in this repository, e.g.
an editor opened by 'git commit'. Please make sure all processes
are terminated then try again. If it still fails, a git process
may have crashed in this repository earlier:
remove the file manually to continue.
Everything up-to-date
[Wed Apr  8 20:29:05 CDT 2026] Pushed to GitHub.
fatal: Unable to create '/Users/chrisleatherwood/Desktop/scale-builder/.git/index.lock': File exists.

Another git process seems to be running in this repository, e.g.
an editor opened by 'git commit'. Please make sure all processes
are terminated then try again. If it still fails, a git process
may have crashed in this repository earlier:
remove the file manually to continue.
Everything up-to-date
[Wed Apr  8 20:29:10 CDT 2026] Pushed to GitHub.
fatal: Unable to create '/Users/chrisleatherwood/Desktop/scale-builder/.git/index.lock': File exists.

Another git process seems to be running in this repository, e.g.
an editor opened by 'git commit'. Please make sure all processes
are terminated then try again. If it still fails, a git process
may have crashed in this repository earlier:
remove the file manually to continue.
Everything up-to-date
[Wed Apr  8 20:29:15 CDT 2026] Pushed to GitHub.
fatal: Unable to create '/Users/chrisleatherwood/Desktop/scale-builder/.git/index.lock': File exists.

Another git process seems to be running in this repository, e.g.
an editor opened by 'git commit'. Please make sure all processes
are terminated then try again. If it still fails, a git process
may have crashed in this repository earlier:
remove the file manually to continue.
Everything up-to-date
[Wed Apr  8 20:29:20 CDT 2026] Pushed to GitHub.
fatal: Unable to create '/Users/chrisleatherwood/Desktop/scale-builder/.git/index.lock': File exists.

Another git process seems to be running in this repository, e.g.
an editor opened by 'git commit'. Please make sure all processes
are terminated then try again. If it still fails, a git process
may have crashed in this repository earlier:
remove the file manually to continue.
Everything up-to-date
[Wed Apr  8 20:29:25 CDT 2026] Pushed to GitHub.
fatal: Unable to create '/Users/chrisleatherwood/Desktop/scale-builder/.git/index.lock': File exists.

Another git process seems to be running in this repository, e.g.
an editor opened by 'git commit'. Please make sure all processes
are terminated then try again. If it still fails, a git process
may have crashed in this repository earlier:
remove the file manually to continue.
Everything up-to-date
[Wed Apr  8 20:29:30 CDT 2026] Pushed to GitHub.
fatal: Unable to create '/Users/chrisleatherwood/Desktop/scale-builder/.git/index.lock': File exists.

Another git process seems to be running in this repository, e.g.
an editor opened by 'git commit'. Please make sure all processes
are terminated then try again. If it still fails, a git process
may have crashed in this repository earlier:
remove the file manually to continue.
Everything up-to-date
[Wed Apr  8 20:29:35 CDT 2026] Pushed to GitHub.
fatal: Unable to create '/Users/chrisleatherwood/Desktop/scale-builder/.git/index.lock': File exists.

Another git process seems to be running in this repository, e.g.
an editor opened by 'git commit'. Please make sure all processes
are terminated then try again. If it still fails, a git process
may have crashed in this repository earlier:
remove the file manually to continue.
Everything up-to-date
[Wed Apr  8 20:29:39 CDT 2026] Pushed to GitHub.
fatal: Unable to create '/Users/chrisleatherwood/Desktop/scale-builder/.git/index.lock': File exists.

Another git process seems to be running in this repository, e.g.
an editor opened by 'git commit'. Please make sure all processes
are terminated then try again. If it still fails, a git process
may have crashed in this repository earlier:
remove the file manually to continue.
Everything up-to-date
[Wed Apr  8 20:29:45 CDT 2026] Pushed to GitHub.
fatal: Unable to create '/Users/chrisleatherwood/Desktop/scale-builder/.git/index.lock': File exists.

Another git process seems to be running in this repository, e.g.
an editor opened by 'git commit'. Please make sure all processes
are terminated then try again. If it still fails, a git process
may have crashed in this repository earlier:
remove the file manually to continue.
Everything up-to-date
[Wed Apr  8 20:29:50 CDT 2026] Pushed to GitHub.
fatal: Unable to create '/Users/chrisleatherwood/Desktop/scale-builder/.git/index.lock': File exists.

Another git process seems to be running in this repository, e.g.
an editor opened by 'git commit'. Please make sure all processes
are terminated then try again. If it still fails, a git process
may have crashed in this repository earlier:
remove the file manually to continue.
Everything up-to-date
[Wed Apr  8 20:29:54 CDT 2026] Pushed to GitHub.
fatal: Unable to create '/Users/chrisleatherwood/Desktop/scale-builder/.git/index.lock': File exists.

Another git process seems to be running in this repository, e.g.
an editor opened by 'git commit'. Please make sure all processes
are terminated then try again. If it still fails, a git process
may have crashed in this repository earlier:
remove the file manually to continue.
Everything up-to-date
[Wed Apr  8 20:30:00 CDT 2026] Pushed to GitHub.
fatal: Unable to create '/Users/chrisleatherwood/Desktop/scale-builder/.git/index.lock': File exists.

Another git process seems to be running in this repository, e.g.
an editor opened by 'git commit'. Please make sure all processes
are terminated then try again. If it still fails, a git process
may have crashed in this repository earlier:
remove the file manually to continue.
Everything up-to-date
[Wed Apr  8 20:30:04 CDT 2026] Pushed to GitHub.
fatal: Unable to create '/Users/chrisleatherwood/Desktop/scale-builder/.git/index.lock': File exists.

Another git process seems to be running in this repository, e.g.
an editor opened by 'git commit'. Please make sure all processes
are terminated then try again. If it still fails, a git process
may have crashed in this repository earlier:
remove the file manually to continue.
Everything up-to-date
[Wed Apr  8 20:30:09 CDT 2026] Pushed to GitHub.
fatal: Unable to create '/Users/chrisleatherwood/Desktop/scale-builder/.git/index.lock': File exists.

Another git process seems to be running in this repository, e.g.
an editor opened by 'git commit'. Please make sure all processes
are terminated then try again. If it still fails, a git process
may have crashed in this repository earlier:
remove the file manually to continue.
Everything up-to-date
[Wed Apr  8 20:30:14 CDT 2026] Pushed to GitHub.
fatal: Unable to create '/Users/chrisleatherwood/Desktop/scale-builder/.git/index.lock': File exists.

Another git process seems to be running in this repository, e.g.
an editor opened by 'git commit'. Please make sure all processes
are terminated then try again. If it still fails, a git process
may have crashed in this repository earlier:
remove the file manually to continue.
Everything up-to-date
[Wed Apr  8 20:30:19 CDT 2026] Pushed to GitHub.
fatal: Unable to create '/Users/chrisleatherwood/Desktop/scale-builder/.git/index.lock': File exists.

Another git process seems to be running in this repository, e.g.
an editor opened by 'git commit'. Please make sure all processes
are terminated then try again. If it still fails, a git process
may have crashed in this repository earlier:
remove the file manually to continue.
Everything up-to-date
[Wed Apr  8 20:30:24 CDT 2026] Pushed to GitHub.
fatal: Unable to create '/Users/chrisleatherwood/Desktop/scale-builder/.git/index.lock': File exists.

Another git process seems to be running in this repository, e.g.
an editor opened by 'git commit'. Please make sure all processes
are terminated then try again. If it still fails, a git process
may have crashed in this repository earlier:
remove the file manually to continue.
Everything up-to-date
[Wed Apr  8 20:30:29 CDT 2026] Pushed to GitHub.
fatal: Unable to create '/Users/chrisleatherwood/Desktop/scale-builder/.git/index.lock': File exists.

Another git process seems to be running in this repository, e.g.
an editor opened by 'git commit'. Please make sure all processes
are terminated then try again. If it still fails, a git process
may have crashed in this repository earlier:
remove the file manually to continue.
Everything up-to-date
[Wed Apr  8 20:30:34 CDT 2026] Pushed to GitHub.
fatal: Unable to create '/Users/chrisleatherwood/Desktop/scale-builder/.git/index.lock': File exists.

Another git process seems to be running in this repository, e.g.
an editor opened by 'git commit'. Please make sure all processes
are terminated then try again. If it still fails, a git process
may have crashed in this repository earlier:
remove the file manually to continue.
Everything up-to-date
[Wed Apr  8 20:30:39 CDT 2026] Pushed to GitHub.
fatal: Unable to create '/Users/chrisleatherwood/Desktop/scale-builder/.git/index.lock': File exists.

Another git process seems to be running in this repository, e.g.
an editor opened by 'git commit'. Please make sure all processes
are terminated then try again. If it still fails, a git process
may have crashed in this repository earlier:
remove the file manually to continue.
Everything up-to-date
[Wed Apr  8 20:30:44 CDT 2026] Pushed to GitHub.
fatal: Unable to create '/Users/chrisleatherwood/Desktop/scale-builder/.git/index.lock': File exists.

Another git process seems to be running in this repository, e.g.
an editor opened by 'git commit'. Please make sure all processes
are terminated then try again. If it still fails, a git process
may have crashed in this repository earlier:
remove the file manually to continue.
Everything up-to-date
[Wed Apr  8 20:30:48 CDT 2026] Pushed to GitHub.
fatal: Unable to create '/Users/chrisleatherwood/Desktop/scale-builder/.git/index.lock': File exists.

Another git process seems to be running in this repository, e.g.
an editor opened by 'git commit'. Please make sure all processes
are terminated then try again. If it still fails, a git process
may have crashed in this repository earlier:
remove the file manually to continue.
Everything up-to-date
[Wed Apr  8 20:30:54 CDT 2026] Pushed to GitHub.
fatal: Unable to create '/Users/chrisleatherwood/Desktop/scale-builder/.git/index.lock': File exists.

Another git process seems to be running in this repository, e.g.
an editor opened by 'git commit'. Please make sure all processes
are terminated then try again. If it still fails, a git process
may have crashed in this repository earlier:
remove the file manually to continue.
Everything up-to-date
[Wed Apr  8 20:30:59 CDT 2026] Pushed to GitHub.
fatal: Unable to create '/Users/chrisleatherwood/Desktop/scale-builder/.git/index.lock': File exists.

Another git process seems to be running in this repository, e.g.
an editor opened by 'git commit'. Please make sure all processes
are terminated then try again. If it still fails, a git process
may have crashed in this repository earlier:
remove the file manually to continue.
Everything up-to-date
[Wed Apr  8 20:31:04 CDT 2026] Pushed to GitHub.
fatal: Unable to create '/Users/chrisleatherwood/Desktop/scale-builder/.git/index.lock': File exists.

Another git process seems to be running in this repository, e.g.
an editor opened by 'git commit'. Please make sure all processes
are terminated then try again. If it still fails, a git process
may have crashed in this repository earlier:
remove the file manually to continue.
Everything up-to-date
[Wed Apr  8 20:31:09 CDT 2026] Pushed to GitHub.
fatal: Unable to create '/Users/chrisleatherwood/Desktop/scale-builder/.git/index.lock': File exists.

Another git process seems to be running in this repository, e.g.
an editor opened by 'git commit'. Please make sure all processes
are terminated then try again. If it still fails, a git process
may have crashed in this repository earlier:
remove the file manually to continue.
Everything up-to-date
[Wed Apr  8 20:31:14 CDT 2026] Pushed to GitHub.
fatal: Unable to create '/Users/chrisleatherwood/Desktop/scale-builder/.git/index.lock': File exists.

Another git process seems to be running in this repository, e.g.
an editor opened by 'git commit'. Please make sure all processes
are terminated then try again. If it still fails, a git process
may have crashed in this repository earlier:
remove the file manually to continue.
Everything up-to-date
[Wed Apr  8 20:31:19 CDT 2026] Pushed to GitHub.
fatal: Unable to create '/Users/chrisleatherwood/Desktop/scale-builder/.git/index.lock': File exists.

Another git process seems to be running in this repository, e.g.
an editor opened by 'git commit'. Please make sure all processes
are terminated then try again. If it still fails, a git process
may have crashed in this repository earlier:
remove the file manually to continue.
Everything up-to-date
[Wed Apr  8 20:31:24 CDT 2026] Pushed to GitHub.
fatal: Unable to create '/Users/chrisleatherwood/Desktop/scale-builder/.git/index.lock': File exists.

Another git process seems to be running in this repository, e.g.
an editor opened by 'git commit'. Please make sure all processes
are terminated then try again. If it still fails, a git process
may have crashed in this repository earlier:
remove the file manually to continue.
Everything up-to-date
[Wed Apr  8 20:31:29 CDT 2026] Pushed to GitHub.
fatal: Unable to create '/Users/chrisleatherwood/Desktop/scale-builder/.git/index.lock': File exists.

Another git process seems to be running in this repository, e.g.
an editor opened by 'git commit'. Please make sure all processes
are terminated then try again. If it still fails, a git process
may have crashed in this repository earlier:
remove the file manually to continue.
Everything up-to-date
[Wed Apr  8 20:31:34 CDT 2026] Pushed to GitHub.
fatal: Unable to create '/Users/chrisleatherwood/Desktop/scale-builder/.git/index.lock': File exists.

Another git process seems to be running in this repository, e.g.
an editor opened by 'git commit'. Please make sure all processes
are terminated then try again. If it still fails, a git process
may have crashed in this repository earlier:
remove the file manually to continue.
Everything up-to-date
[Wed Apr  8 20:31:39 CDT 2026] Pushed to GitHub.
fatal: Unable to create '/Users/chrisleatherwood/Desktop/scale-builder/.git/index.lock': File exists.

Another git process seems to be running in this repository, e.g.
an editor opened by 'git commit'. Please make sure all processes
are terminated then try again. If it still fails, a git process
may have crashed in this repository earlier:
remove the file manually to continue.
Everything up-to-date
[Wed Apr  8 20:31:44 CDT 2026] Pushed to GitHub.
fatal: Unable to create '/Users/chrisleatherwood/Desktop/scale-builder/.git/index.lock': File exists.

Another git process seems to be running in this repository, e.g.
an editor opened by 'git commit'. Please make sure all processes
are terminated then try again. If it still fails, a git process
may have crashed in this repository earlier:
remove the file manually to continue.
Everything up-to-date
[Wed Apr  8 20:31:49 CDT 2026] Pushed to GitHub.
fatal: Unable to create '/Users/chrisleatherwood/Desktop/scale-builder/.git/index.lock': File exists.

Another git process seems to be running in this repository, e.g.
an editor opened by 'git commit'. Please make sure all processes
are terminated then try again. If it still fails, a git process
may have crashed in this repository earlier:
remove the file manually to continue.
Everything up-to-date
[Wed Apr  8 20:31:54 CDT 2026] Pushed to GitHub.
fatal: Unable to create '/Users/chrisleatherwood/Desktop/scale-builder/.git/index.lock': File exists.

Another git process seems to be running in this repository, e.g.
an editor opened by 'git commit'. Please make sure all processes
are terminated then try again. If it still fails, a git process
may have crashed in this repository earlier:
remove the file manually to continue.
Everything up-to-date
[Wed Apr  8 20:31:59 CDT 2026] Pushed to GitHub.
fatal: Unable to create '/Users/chrisleatherwood/Desktop/scale-builder/.git/index.lock': File exists.

Another git process seems to be running in this repository, e.g.
an editor opened by 'git commit'. Please make sure all processes
are terminated then try again. If it still fails, a git process
may have crashed in this repository earlier:
remove the file manually to continue.
Everything up-to-date
[Wed Apr  8 20:32:05 CDT 2026] Pushed to GitHub.
fatal: Unable to create '/Users/chrisleatherwood/Desktop/scale-builder/.git/index.lock': File exists.

Another git process seems to be running in this repository, e.g.
an editor opened by 'git commit'. Please make sure all processes
are terminated then try again. If it still fails, a git process
may have crashed in this repository earlier:
remove the file manually to continue.
Everything up-to-date
[Wed Apr  8 20:32:09 CDT 2026] Pushed to GitHub.
fatal: Unable to create '/Users/chrisleatherwood/Desktop/scale-builder/.git/index.lock': File exists.

Another git process seems to be running in this repository, e.g.
an editor opened by 'git commit'. Please make sure all processes
are terminated then try again. If it still fails, a git process
may have crashed in this repository earlier:
remove the file manually to continue.
Everything up-to-date
[Wed Apr  8 20:32:14 CDT 2026] Pushed to GitHub.
fatal: Unable to create '/Users/chrisleatherwood/Desktop/scale-builder/.git/index.lock': File exists.

Another git process seems to be running in this repository, e.g.
an editor opened by 'git commit'. Please make sure all processes
are terminated then try again. If it still fails, a git process
may have crashed in this repository earlier:
remove the file manually to continue.
Everything up-to-date
[Wed Apr  8 20:32:19 CDT 2026] Pushed to GitHub.
fatal: Unable to create '/Users/chrisleatherwood/Desktop/scale-builder/.git/index.lock': File exists.

Another git process seems to be running in this repository, e.g.
an editor opened by 'git commit'. Please make sure all processes
are terminated then try again. If it still fails, a git process
may have crashed in this repository earlier:
remove the file manually to continue.
Everything up-to-date
[Wed Apr  8 20:32:24 CDT 2026] Pushed to GitHub.
fatal: Unable to create '/Users/chrisleatherwood/Desktop/scale-builder/.git/index.lock': File exists.

Another git process seems to be running in this repository, e.g.
an editor opened by 'git commit'. Please make sure all processes
are terminated then try again. If it still fails, a git process
may have crashed in this repository earlier:
remove the file manually to continue.
Everything up-to-date
[Wed Apr  8 20:32:29 CDT 2026] Pushed to GitHub.
fatal: Unable to create '/Users/chrisleatherwood/Desktop/scale-builder/.git/index.lock': File exists.

Another git process seems to be running in this repository, e.g.
an editor opened by 'git commit'. Please make sure all processes
are terminated then try again. If it still fails, a git process
may have crashed in this repository earlier:
remove the file manually to continue.
Everything up-to-date
[Wed Apr  8 20:32:34 CDT 2026] Pushed to GitHub.
fatal: Unable to create '/Users/chrisleatherwood/Desktop/scale-builder/.git/index.lock': File exists.

Another git process seems to be running in this repository, e.g.
an editor opened by 'git commit'. Please make sure all processes
are terminated then try again. If it still fails, a git process
may have crashed in this repository earlier:
remove the file manually to continue.
Everything up-to-date
[Wed Apr  8 20:32:39 CDT 2026] Pushed to GitHub.
fatal: Unable to create '/Users/chrisleatherwood/Desktop/scale-builder/.git/index.lock': File exists.

Another git process seems to be running in this repository, e.g.
an editor opened by 'git commit'. Please make sure all processes
are terminated then try again. If it still fails, a git process
may have crashed in this repository earlier:
remove the file manually to continue.
Everything up-to-date
[Wed Apr  8 20:32:44 CDT 2026] Pushed to GitHub.
fatal: Unable to create '/Users/chrisleatherwood/Desktop/scale-builder/.git/index.lock': File exists.

Another git process seems to be running in this repository, e.g.
an editor opened by 'git commit'. Please make sure all processes
are terminated then try again. If it still fails, a git process
may have crashed in this repository earlier:
remove the file manually to continue.
Everything up-to-date
[Wed Apr  8 20:32:49 CDT 2026] Pushed to GitHub.
fatal: Unable to create '/Users/chrisleatherwood/Desktop/scale-builder/.git/index.lock': File exists.

Another git process seems to be running in this repository, e.g.
an editor opened by 'git commit'. Please make sure all processes
are terminated then try again. If it still fails, a git process
may have crashed in this repository earlier:
remove the file manually to continue.
Everything up-to-date
[Wed Apr  8 20:32:54 CDT 2026] Pushed to GitHub.
fatal: Unable to create '/Users/chrisleatherwood/Desktop/scale-builder/.git/index.lock': File exists.

Another git process seems to be running in this repository, e.g.
an editor opened by 'git commit'. Please make sure all processes
are terminated then try again. If it still fails, a git process
may have crashed in this repository earlier:
remove the file manually to continue.
Everything up-to-date
[Wed Apr  8 20:32:59 CDT 2026] Pushed to GitHub.
fatal: Unable to create '/Users/chrisleatherwood/Desktop/scale-builder/.git/index.lock': File exists.

Another git process seems to be running in this repository, e.g.
an editor opened by 'git commit'. Please make sure all processes
are terminated then try again. If it still fails, a git process
may have crashed in this repository earlier:
remove the file manually to continue.
Everything up-to-date
[Wed Apr  8 20:33:04 CDT 2026] Pushed to GitHub.
fatal: Unable to create '/Users/chrisleatherwood/Desktop/scale-builder/.git/index.lock': File exists.

Another git process seems to be running in this repository, e.g.
an editor opened by 'git commit'. Please make sure all processes
are terminated then try again. If it still fails, a git process
may have crashed in this repository earlier:
remove the file manually to continue.
Everything up-to-date
[Wed Apr  8 20:33:09 CDT 2026] Pushed to GitHub.
fatal: Unable to create '/Users/chrisleatherwood/Desktop/scale-builder/.git/index.lock': File exists.

Another git process seems to be running in this repository, e.g.
an editor opened by 'git commit'. Please make sure all processes
are terminated then try again. If it still fails, a git process
may have crashed in this repository earlier:
remove the file manually to continue.
Everything up-to-date
[Wed Apr  8 20:33:14 CDT 2026] Pushed to GitHub.
fatal: Unable to create '/Users/chrisleatherwood/Desktop/scale-builder/.git/index.lock': File exists.

Another git process seems to be running in this repository, e.g.
an editor opened by 'git commit'. Please make sure all processes
are terminated then try again. If it still fails, a git process
may have crashed in this repository earlier:
remove the file manually to continue.
Everything up-to-date
[Wed Apr  8 20:33:19 CDT 2026] Pushed to GitHub.
fatal: Unable to create '/Users/chrisleatherwood/Desktop/scale-builder/.git/index.lock': File exists.

Another git process seems to be running in this repository, e.g.
an editor opened by 'git commit'. Please make sure all processes
are terminated then try again. If it still fails, a git process
may have crashed in this repository earlier:
remove the file manually to continue.
Everything up-to-date
[Wed Apr  8 20:33:25 CDT 2026] Pushed to GitHub.
fatal: Unable to create '/Users/chrisleatherwood/Desktop/scale-builder/.git/index.lock': File exists.

Another git process seems to be running in this repository, e.g.
an editor opened by 'git commit'. Please make sure all processes
are terminated then try again. If it still fails, a git process
may have crashed in this repository earlier:
remove the file manually to continue.
Everything up-to-date
[Wed Apr  8 20:33:30 CDT 2026] Pushed to GitHub.
fatal: Unable to create '/Users/chrisleatherwood/Desktop/scale-builder/.git/index.lock': File exists.

Another git process seems to be running in this repository, e.g.
an editor opened by 'git commit'. Please make sure all processes
are terminated then try again. If it still fails, a git process
may have crashed in this repository earlier:
remove the file manually to continue.
Everything up-to-date
[Wed Apr  8 20:33:35 CDT 2026] Pushed to GitHub.
fatal: Unable to create '/Users/chrisleatherwood/Desktop/scale-builder/.git/index.lock': File exists.

Another git process seems to be running in this repository, e.g.
an editor opened by 'git commit'. Please make sure all processes
are terminated then try again. If it still fails, a git process
may have crashed in this repository earlier:
remove the file manually to continue.
Everything up-to-date
[Wed Apr  8 20:33:40 CDT 2026] Pushed to GitHub.
fatal: Unable to create '/Users/chrisleatherwood/Desktop/scale-builder/.git/index.lock': File exists.

Another git process seems to be running in this repository, e.g.
an editor opened by 'git commit'. Please make sure all processes
are terminated then try again. If it still fails, a git process
may have crashed in this repository earlier:
remove the file manually to continue.
Everything up-to-date
[Wed Apr  8 20:33:45 CDT 2026] Pushed to GitHub.
fatal: Unable to create '/Users/chrisleatherwood/Desktop/scale-builder/.git/index.lock': File exists.

Another git process seems to be running in this repository, e.g.
an editor opened by 'git commit'. Please make sure all processes
are terminated then try again. If it still fails, a git process
may have crashed in this repository earlier:
remove the file manually to continue.
Everything up-to-date
[Wed Apr  8 20:33:50 CDT 2026] Pushed to GitHub.
fatal: Unable to create '/Users/chrisleatherwood/Desktop/scale-builder/.git/index.lock': File exists.

Another git process seems to be running in this repository, e.g.
an editor opened by 'git commit'. Please make sure all processes
are terminated then try again. If it still fails, a git process
may have crashed in this repository earlier:
remove the file manually to continue.
Everything up-to-date
[Wed Apr  8 20:33:55 CDT 2026] Pushed to GitHub.
fatal: Unable to create '/Users/chrisleatherwood/Desktop/scale-builder/.git/index.lock': File exists.

Another git process seems to be running in this repository, e.g.
an editor opened by 'git commit'. Please make sure all processes
are terminated then try again. If it still fails, a git process
may have crashed in this repository earlier:
remove the file manually to continue.
Everything up-to-date
[Wed Apr  8 20:34:01 CDT 2026] Pushed to GitHub.
fatal: Unable to create '/Users/chrisleatherwood/Desktop/scale-builder/.git/index.lock': File exists.

Another git process seems to be running in this repository, e.g.
an editor opened by 'git commit'. Please make sure all processes
are terminated then try again. If it still fails, a git process
may have crashed in this repository earlier:
remove the file manually to continue.
Everything up-to-date
[Wed Apr  8 20:34:06 CDT 2026] Pushed to GitHub.
fatal: Unable to create '/Users/chrisleatherwood/Desktop/scale-builder/.git/index.lock': File exists.

Another git process seems to be running in this repository, e.g.
an editor opened by 'git commit'. Please make sure all processes
are terminated then try again. If it still fails, a git process
may have crashed in this repository earlier:
remove the file manually to continue.
Everything up-to-date
[Wed Apr  8 20:34:11 CDT 2026] Pushed to GitHub.
fatal: Unable to create '/Users/chrisleatherwood/Desktop/scale-builder/.git/index.lock': File exists.

Another git process seems to be running in this repository, e.g.
an editor opened by 'git commit'. Please make sure all processes
are terminated then try again. If it still fails, a git process
may have crashed in this repository earlier:
remove the file manually to continue.
Everything up-to-date
[Wed Apr  8 20:34:16 CDT 2026] Pushed to GitHub.
fatal: Unable to create '/Users/chrisleatherwood/Desktop/scale-builder/.git/index.lock': File exists.

Another git process seems to be running in this repository, e.g.
an editor opened by 'git commit'. Please make sure all processes
are terminated then try again. If it still fails, a git process
may have crashed in this repository earlier:
remove the file manually to continue.
Everything up-to-date
[Wed Apr  8 20:34:21 CDT 2026] Pushed to GitHub.
fatal: Unable to create '/Users/chrisleatherwood/Desktop/scale-builder/.git/index.lock': File exists.

Another git process seems to be running in this repository, e.g.
an editor opened by 'git commit'. Please make sure all processes
are terminated then try again. If it still fails, a git process
may have crashed in this repository earlier:
remove the file manually to continue.
Everything up-to-date
[Wed Apr  8 20:34:26 CDT 2026] Pushed to GitHub.
fatal: Unable to create '/Users/chrisleatherwood/Desktop/scale-builder/.git/index.lock': File exists.

Another git process seems to be running in this repository, e.g.
an editor opened by 'git commit'. Please make sure all processes
are terminated then try again. If it still fails, a git process
may have crashed in this repository earlier:
remove the file manually to continue.
Everything up-to-date
[Wed Apr  8 20:34:31 CDT 2026] Pushed to GitHub.
fatal: Unable to create '/Users/chrisleatherwood/Desktop/scale-builder/.git/index.lock': File exists.

Another git process seems to be running in this repository, e.g.
an editor opened by 'git commit'. Please make sure all processes
are terminated then try again. If it still fails, a git process
may have crashed in this repository earlier:
remove the file manually to continue.
Everything up-to-date
[Wed Apr  8 20:34:36 CDT 2026] Pushed to GitHub.
fatal: Unable to create '/Users/chrisleatherwood/Desktop/scale-builder/.git/index.lock': File exists.

Another git process seems to be running in this repository, e.g.
an editor opened by 'git commit'. Please make sure all processes
are terminated then try again. If it still fails, a git process
may have crashed in this repository earlier:
remove the file manually to continue.
Everything up-to-date
[Wed Apr  8 20:34:41 CDT 2026] Pushed to GitHub.
fatal: Unable to create '/Users/chrisleatherwood/Desktop/scale-builder/.git/index.lock': File exists.

Another git process seems to be running in this repository, e.g.
an editor opened by 'git commit'. Please make sure all processes
are terminated then try again. If it still fails, a git process
may have crashed in this repository earlier:
remove the file manually to continue.
Everything up-to-date
[Wed Apr  8 20:34:46 CDT 2026] Pushed to GitHub.
fatal: Unable to create '/Users/chrisleatherwood/Desktop/scale-builder/.git/index.lock': File exists.

Another git process seems to be running in this repository, e.g.
an editor opened by 'git commit'. Please make sure all processes
are terminated then try again. If it still fails, a git process
may have crashed in this repository earlier:
remove the file manually to continue.
Everything up-to-date
[Wed Apr  8 20:34:51 CDT 2026] Pushed to GitHub.
fatal: Unable to create '/Users/chrisleatherwood/Desktop/scale-builder/.git/index.lock': File exists.

Another git process seems to be running in this repository, e.g.
an editor opened by 'git commit'. Please make sure all processes
are terminated then try again. If it still fails, a git process
may have crashed in this repository earlier:
remove the file manually to continue.
Everything up-to-date
[Wed Apr  8 20:34:55 CDT 2026] Pushed to GitHub.
[Wed Apr  8 20:35:47 CDT 2026] Scale-builder auto-push watcher started.
[main e138183] Auto-save: 2026-04-08 20:39:15
 4 files changed, 4667 insertions(+), 7 deletions(-)
 create mode 100644 test_transparent.png
To github.com:chrisl18rel/scale-builder.git
   091c5bf..e138183  main -> main
[Wed Apr  8 20:39:17 CDT 2026] Pushed to GitHub.
[main 3bc40c0] Auto-save: 2026-04-08 20:41:24
 2 files changed, 35 insertions(+)
 create mode 100644 CLAUDE.md
To github.com:chrisl18rel/scale-builder.git
   e138183..3bc40c0  main -> main
[Wed Apr  8 20:41:25 CDT 2026] Pushed to GitHub.
[main 5f73617] Auto-save: 2026-04-08 20:59:38
 2 files changed, 35 insertions(+)
To github.com:chrisl18rel/scale-builder.git
   3bc40c0..5f73617  main -> main
[Wed Apr  8 20:59:39 CDT 2026] Pushed to GitHub.
[main b0f95c6] Auto-save: 2026-04-08 20:59:55
 2 files changed, 5 insertions(+), 5 deletions(-)
To github.com:chrisl18rel/scale-builder.git
   5f73617..b0f95c6  main -> main
[Wed Apr  8 20:59:56 CDT 2026] Pushed to GitHub.
[main c62a6d2] Auto-save: 2026-04-08 21:02:17
 2 files changed, 6 insertions(+), 25 deletions(-)
To github.com:chrisl18rel/scale-builder.git
   b0f95c6..c62a6d2  main -> main
[Wed Apr  8 21:02:18 CDT 2026] Pushed to GitHub.
[main e1242b0] Auto-save: 2026-04-08 21:14:25
 2 files changed, 9 insertions(+), 4 deletions(-)
To github.com:chrisl18rel/scale-builder.git
   c62a6d2..e1242b0  main -> main
[Wed Apr  8 21:14:27 CDT 2026] Pushed to GitHub.
[main fcf1c57] Auto-save: 2026-04-08 21:14:32
 2 files changed, 9 insertions(+), 4 deletions(-)
To github.com:chrisl18rel/scale-builder.git
   e1242b0..fcf1c57  main -> main
[Wed Apr  8 21:14:33 CDT 2026] Pushed to GitHub.
[main 93e1434] Auto-save: 2026-04-08 21:14:38
 2 files changed, 7 insertions(+), 2 deletions(-)
To github.com:chrisl18rel/scale-builder.git
   fcf1c57..93e1434  main -> main
[Wed Apr  8 21:14:39 CDT 2026] Pushed to GitHub.
[main 2c9b236] Auto-save: 2026-04-08 21:14:44
 2 files changed, 7 insertions(+), 2 deletions(-)
To github.com:chrisl18rel/scale-builder.git
   93e1434..2c9b236  main -> main
[Wed Apr  8 21:14:45 CDT 2026] Pushed to GitHub.
[main d7cda1b] Auto-save: 2026-04-08 21:14:50
 2 files changed, 7 insertions(+), 2 deletions(-)
To github.com:chrisl18rel/scale-builder.git
   2c9b236..d7cda1b  main -> main
[Wed Apr  8 21:14:52 CDT 2026] Pushed to GitHub.
[main 46344c2] Auto-save: 2026-04-08 21:14:57
 1 file changed, 5 insertions(+)
To github.com:chrisl18rel/scale-builder.git
   d7cda1b..46344c2  main -> main
[Wed Apr  8 21:14:57 CDT 2026] Pushed to GitHub.
[main 494f2b1] Auto-save: 2026-04-08 21:15:02
 1 file changed, 5 insertions(+)
To github.com:chrisl18rel/scale-builder.git
   46344c2..494f2b1  main -> main
[Wed Apr  8 21:15:03 CDT 2026] Pushed to GitHub.
[main a771264] Auto-save: 2026-04-08 21:19:11
 2 files changed, 9 insertions(+), 4 deletions(-)
To github.com:chrisl18rel/scale-builder.git
   494f2b1..a771264  main -> main
[Wed Apr  8 21:19:12 CDT 2026] Pushed to GitHub.
[main ae363cf] Auto-save: 2026-04-08 21:19:18
 2 files changed, 8 insertions(+), 3 deletions(-)
To github.com:chrisl18rel/scale-builder.git
   a771264..ae363cf  main -> main
[Wed Apr  8 21:19:18 CDT 2026] Pushed to GitHub.
[main a4e2dfc] Auto-save: 2026-04-08 21:19:24
 1 file changed, 5 insertions(+)
To github.com:chrisl18rel/scale-builder.git
   ae363cf..a4e2dfc  main -> main
[Wed Apr  8 21:19:25 CDT 2026] Pushed to GitHub.
[main 00a0a4a] Auto-save: 2026-04-08 21:19:30
 1 file changed, 5 insertions(+)
To github.com:chrisl18rel/scale-builder.git
   a4e2dfc..00a0a4a  main -> main
[Wed Apr  8 21:19:31 CDT 2026] Pushed to GitHub.
[main 00e5359] Auto-save: 2026-04-08 21:19:36
 1 file changed, 5 insertions(+)
To github.com:chrisl18rel/scale-builder.git
   00a0a4a..00e5359  main -> main
[Wed Apr  8 21:19:37 CDT 2026] Pushed to GitHub.
[main 84a667d] Auto-save: 2026-04-08 21:23:54
 2 files changed, 10 insertions(+), 5 deletions(-)
To github.com:chrisl18rel/scale-builder.git
   00e5359..84a667d  main -> main
[Wed Apr  8 21:23:54 CDT 2026] Pushed to GitHub.
[main 5d59e44] Auto-save: 2026-04-08 21:24:00
 1 file changed, 5 insertions(+)
To github.com:chrisl18rel/scale-builder.git
   84a667d..5d59e44  main -> main
[Wed Apr  8 21:24:01 CDT 2026] Pushed to GitHub.
[main 3c1243a] Auto-save: 2026-04-08 21:24:06
 1 file changed, 5 insertions(+)
To github.com:chrisl18rel/scale-builder.git
   5d59e44..3c1243a  main -> main
[Wed Apr  8 21:24:07 CDT 2026] Pushed to GitHub.
[Sun May  3 12:23:05 CDT 2026] Scale-builder auto-push watcher started.
[Sat May  9 15:58:46 CDT 2026] Scale-builder auto-push watcher started.
[Tue May 19 11:52:28 CDT 2026] Scale-builder auto-push watcher started.
[main 8e1c5b5] Auto-save: 2026-06-20 16:35:42
 1 file changed, 8 insertions(+)
To github.com:chrisl18rel/scale-builder.git
   3c1243a..8e1c5b5  main -> main
[Sat Jun 20 16:35:44 CDT 2026] Pushed to GitHub.
[main 64f2958] Auto-save: 2026-06-20 16:36:06
 1 file changed, 5 insertions(+)
To github.com:chrisl18rel/scale-builder.git
   8e1c5b5..64f2958  main -> main
[Sat Jun 20 16:36:07 CDT 2026] Pushed to GitHub.
[main 1dc2210] Auto-save: 2026-06-20 16:36:12
 1 file changed, 5 insertions(+)
To github.com:chrisl18rel/scale-builder.git
   64f2958..1dc2210  main -> main
[Sat Jun 20 16:36:13 CDT 2026] Pushed to GitHub.
[main b1346e2] Auto-save: 2026-06-20 16:36:19
 1 file changed, 5 insertions(+)
To github.com:chrisl18rel/scale-builder.git
   1dc2210..b1346e2  main -> main
[Sat Jun 20 16:36:20 CDT 2026] Pushed to GitHub.
[main 3c6441e] Auto-save: 2026-06-20 16:36:25
 1 file changed, 5 insertions(+)
To github.com:chrisl18rel/scale-builder.git
   b1346e2..3c6441e  main -> main
[Sat Jun 20 16:36:26 CDT 2026] Pushed to GitHub.
[main 170ed1f] Auto-save: 2026-06-20 16:37:08
 1 file changed, 5 insertions(+)
To github.com:chrisl18rel/scale-builder.git
   3c6441e..170ed1f  main -> main
[Sat Jun 20 16:37:09 CDT 2026] Pushed to GitHub.
[main f64d291] Auto-save: 2026-06-20 16:37:44
 1 file changed, 5 insertions(+)
To github.com:chrisl18rel/scale-builder.git
   170ed1f..f64d291  main -> main
[Sat Jun 20 16:37:46 CDT 2026] Pushed to GitHub.
[main 5146d93] Auto-save: 2026-06-20 16:39:00
 1 file changed, 5 insertions(+)
To github.com:chrisl18rel/scale-builder.git
   f64d291..5146d93  main -> main
[Sat Jun 20 16:39:01 CDT 2026] Pushed to GitHub.
[main 73f5ecd] Auto-save: 2026-06-20 16:39:10
 1 file changed, 5 insertions(+)
To github.com:chrisl18rel/scale-builder.git
   5146d93..73f5ecd  main -> main
[Sat Jun 20 16:39:11 CDT 2026] Pushed to GitHub.
[main 3b0f389] Auto-save: 2026-06-20 16:39:59
 1 file changed, 5 insertions(+)
To github.com:chrisl18rel/scale-builder.git
   73f5ecd..3b0f389  main -> main
[Sat Jun 20 16:40:00 CDT 2026] Pushed to GitHub.
[main c5cf1bf] Auto-save: 2026-06-20 16:40:05
 1 file changed, 5 insertions(+)
To github.com:chrisl18rel/scale-builder.git
   3b0f389..c5cf1bf  main -> main
[Sat Jun 20 16:40:06 CDT 2026] Pushed to GitHub.
[main bb60598] Auto-save: 2026-06-20 16:40:11
 1 file changed, 5 insertions(+)
To github.com:chrisl18rel/scale-builder.git
   c5cf1bf..bb60598  main -> main
[Sat Jun 20 16:40:12 CDT 2026] Pushed to GitHub.
[main c9d5845] Auto-save: 2026-06-20 16:40:17
 1 file changed, 5 insertions(+)
To github.com:chrisl18rel/scale-builder.git
   bb60598..c9d5845  main -> main
[Sat Jun 20 16:40:19 CDT 2026] Pushed to GitHub.
[main aec3c8b] Auto-save: 2026-06-20 16:40:24
 1 file changed, 5 insertions(+)
To github.com:chrisl18rel/scale-builder.git
   c9d5845..aec3c8b  main -> main
[Sat Jun 20 16:40:25 CDT 2026] Pushed to GitHub.
[main c9b255d] Auto-save: 2026-06-20 16:40:30
 1 file changed, 5 insertions(+)
To github.com:chrisl18rel/scale-builder.git
   aec3c8b..c9b255d  main -> main
[Sat Jun 20 16:40:31 CDT 2026] Pushed to GitHub.
[main aa6ff61] Auto-save: 2026-06-20 16:40:36
 1 file changed, 5 insertions(+)
To github.com:chrisl18rel/scale-builder.git
   c9b255d..aa6ff61  main -> main
[Sat Jun 20 16:40:37 CDT 2026] Pushed to GitHub.
[main 8b633e2] Auto-save: 2026-06-20 16:40:42
 1 file changed, 5 insertions(+)
To github.com:chrisl18rel/scale-builder.git
   aa6ff61..8b633e2  main -> main
[Sat Jun 20 16:40:43 CDT 2026] Pushed to GitHub.
[main 670857f] Auto-save: 2026-06-20 16:40:49
 1 file changed, 5 insertions(+)
To github.com:chrisl18rel/scale-builder.git
   8b633e2..670857f  main -> main
[Sat Jun 20 16:40:50 CDT 2026] Pushed to GitHub.
[main dea15ea] Auto-save: 2026-06-20 16:40:55
 1 file changed, 5 insertions(+)
To github.com:chrisl18rel/scale-builder.git
   670857f..dea15ea  main -> main
[Sat Jun 20 16:40:56 CDT 2026] Pushed to GitHub.
[main 0b3eaaa] Auto-save: 2026-06-20 16:41:01
 1 file changed, 5 insertions(+)
To github.com:chrisl18rel/scale-builder.git
   dea15ea..0b3eaaa  main -> main
[Sat Jun 20 16:41:02 CDT 2026] Pushed to GitHub.
[main 5e5a69d] Auto-save: 2026-06-20 16:41:07
 1 file changed, 5 insertions(+)
To github.com:chrisl18rel/scale-builder.git
   0b3eaaa..5e5a69d  main -> main
[Sat Jun 20 16:41:09 CDT 2026] Pushed to GitHub.
[main 1d44c10] Auto-save: 2026-06-20 16:41:59
 1 file changed, 5 insertions(+)
To github.com:chrisl18rel/scale-builder.git
   5e5a69d..1d44c10  main -> main
[Sat Jun 20 16:42:00 CDT 2026] Pushed to GitHub.
[main 089cdc7] Auto-save: 2026-06-20 16:42:05
 1 file changed, 5 insertions(+)
To github.com:chrisl18rel/scale-builder.git
   1d44c10..089cdc7  main -> main
[Sat Jun 20 16:42:06 CDT 2026] Pushed to GitHub.
[main 86342e9] Auto-save: 2026-06-20 16:49:12
 1 file changed, 5 insertions(+)
To github.com:chrisl18rel/scale-builder.git
   089cdc7..86342e9  main -> main
[Sat Jun 20 16:49:13 CDT 2026] Pushed to GitHub.
[main 119401b] Auto-save: 2026-06-20 17:05:19
 1 file changed, 5 insertions(+)
To github.com:chrisl18rel/scale-builder.git
   86342e9..119401b  main -> main
[Sat Jun 20 17:05:21 CDT 2026] Pushed to GitHub.
[main 823c113] Auto-save: 2026-06-20 17:10:14
 1 file changed, 5 insertions(+)
To github.com:chrisl18rel/scale-builder.git
   119401b..823c113  main -> main
[Sat Jun 20 17:10:15 CDT 2026] Pushed to GitHub.
[main 6270e7e] Auto-save: 2026-06-20 17:11:29
 1 file changed, 5 insertions(+)
To github.com:chrisl18rel/scale-builder.git
   823c113..6270e7e  main -> main
[Sat Jun 20 17:11:38 CDT 2026] Pushed to GitHub.
[main b335e3d] Auto-save: 2026-06-20 17:12:03
 1 file changed, 5 insertions(+)
To github.com:chrisl18rel/scale-builder.git
   6270e7e..b335e3d  main -> main
[Sat Jun 20 17:12:04 CDT 2026] Pushed to GitHub.
[main 89253e3] Auto-save: 2026-06-20 17:12:51
 1 file changed, 5 insertions(+)
To github.com:chrisl18rel/scale-builder.git
   b335e3d..89253e3  main -> main
[Sat Jun 20 17:13:00 CDT 2026] Pushed to GitHub.
[main 8c1b83d] Auto-save: 2026-06-20 17:13:44
 1 file changed, 5 insertions(+)
To github.com:chrisl18rel/scale-builder.git
   89253e3..8c1b83d  main -> main
[Sat Jun 20 17:13:54 CDT 2026] Pushed to GitHub.
[main b395aea] Auto-save: 2026-06-20 17:14:26
 1 file changed, 5 insertions(+)
To github.com:chrisl18rel/scale-builder.git
   8c1b83d..b395aea  main -> main
[Sat Jun 20 17:14:28 CDT 2026] Pushed to GitHub.
[main fa7342d] Auto-save: 2026-06-20 17:14:50
 1 file changed, 5 insertions(+)
To github.com:chrisl18rel/scale-builder.git
   b395aea..fa7342d  main -> main
[Sat Jun 20 17:14:51 CDT 2026] Pushed to GitHub.
[main adf7514] Auto-save: 2026-06-20 17:15:19
 1 file changed, 5 insertions(+)
To github.com:chrisl18rel/scale-builder.git
   fa7342d..adf7514  main -> main
[Sat Jun 20 17:15:20 CDT 2026] Pushed to GitHub.
[main 8e0c23c] Auto-save: 2026-06-20 17:16:28
 1 file changed, 5 insertions(+)
To github.com:chrisl18rel/scale-builder.git
   adf7514..8e0c23c  main -> main
[Sat Jun 20 17:16:44 CDT 2026] Pushed to GitHub.
[main 393c8a5] Auto-save: 2026-06-20 17:17:00
 1 file changed, 5 insertions(+)
To github.com:chrisl18rel/scale-builder.git
   8e0c23c..393c8a5  main -> main
[Sat Jun 20 17:17:29 CDT 2026] Pushed to GitHub.
[main 89ad81e] Auto-save: 2026-06-20 17:17:45
 1 file changed, 5 insertions(+)
To github.com:chrisl18rel/scale-builder.git
   393c8a5..89ad81e  main -> main
[Sat Jun 20 17:17:48 CDT 2026] Pushed to GitHub.
[main f9dd380] Auto-save: 2026-06-20 17:17:53
 1 file changed, 5 insertions(+)
To github.com:chrisl18rel/scale-builder.git
   89ad81e..f9dd380  main -> main
[Sat Jun 20 17:17:54 CDT 2026] Pushed to GitHub.
[main 4c0cd2f] Auto-save: 2026-06-20 17:17:59
 1 file changed, 5 insertions(+)
To github.com:chrisl18rel/scale-builder.git
   f9dd380..4c0cd2f  main -> main
[Sat Jun 20 17:18:01 CDT 2026] Pushed to GitHub.
[main a3fa9f9] Auto-save: 2026-06-20 17:18:06
 1 file changed, 5 insertions(+)
To github.com:chrisl18rel/scale-builder.git
   4c0cd2f..a3fa9f9  main -> main
[Sat Jun 20 17:18:07 CDT 2026] Pushed to GitHub.
[main c4dc90a] Auto-save: 2026-06-20 17:18:12
 1 file changed, 5 insertions(+)
To github.com:chrisl18rel/scale-builder.git
   a3fa9f9..c4dc90a  main -> main
[Sat Jun 20 17:18:13 CDT 2026] Pushed to GitHub.
[main c85ba97] Auto-save: 2026-06-20 17:18:27
 1 file changed, 5 insertions(+)
To github.com:chrisl18rel/scale-builder.git
   c4dc90a..c85ba97  main -> main
[Sat Jun 20 17:18:28 CDT 2026] Pushed to GitHub.
[main b1c7502] Auto-save: 2026-06-20 17:19:05
 1 file changed, 5 insertions(+)
To github.com:chrisl18rel/scale-builder.git
   c85ba97..b1c7502  main -> main
[Sat Jun 20 17:19:06 CDT 2026] Pushed to GitHub.
[main 8e12ac0] Auto-save: 2026-06-20 17:20:11
 1 file changed, 5 insertions(+)
To github.com:chrisl18rel/scale-builder.git
   b1c7502..8e12ac0  main -> main
[Sat Jun 20 17:20:27 CDT 2026] Pushed to GitHub.
[main 4218bc9] Auto-save: 2026-06-20 17:20:49
 1 file changed, 5 insertions(+)
To github.com:chrisl18rel/scale-builder.git
   8e12ac0..4218bc9  main -> main
[Sat Jun 20 17:20:51 CDT 2026] Pushed to GitHub.
[main a599608] Auto-save: 2026-06-20 17:21:07
 1 file changed, 5 insertions(+)
To github.com:chrisl18rel/scale-builder.git
   4218bc9..a599608  main -> main
[Sat Jun 20 17:21:08 CDT 2026] Pushed to GitHub.
[main 31b5dc4] Auto-save: 2026-06-20 17:21:21
 1 file changed, 5 insertions(+)
To github.com:chrisl18rel/scale-builder.git
   a599608..31b5dc4  main -> main
[Sat Jun 20 17:21:22 CDT 2026] Pushed to GitHub.
[main e358f40] Auto-save: 2026-06-20 17:21:45
 1 file changed, 5 insertions(+)
To github.com:chrisl18rel/scale-builder.git
   31b5dc4..e358f40  main -> main
[Sat Jun 20 17:21:46 CDT 2026] Pushed to GitHub.
[main 67c88f8] Auto-save: 2026-06-20 17:22:16
 1 file changed, 5 insertions(+)
To github.com:chrisl18rel/scale-builder.git
   e358f40..67c88f8  main -> main
[Sat Jun 20 17:22:17 CDT 2026] Pushed to GitHub.
[main cb77326] Auto-save: 2026-06-20 17:22:49
 1 file changed, 5 insertions(+)
To github.com:chrisl18rel/scale-builder.git
   67c88f8..cb77326  main -> main
[Sat Jun 20 17:22:50 CDT 2026] Pushed to GitHub.
[main 025eec8] Auto-save: 2026-06-20 17:23:55
 1 file changed, 5 insertions(+)
To github.com:chrisl18rel/scale-builder.git
   cb77326..025eec8  main -> main
[Sat Jun 20 17:24:20 CDT 2026] Pushed to GitHub.
[main 19b301a] Auto-save: 2026-06-20 17:24:30
 1 file changed, 5 insertions(+)
To github.com:chrisl18rel/scale-builder.git
   025eec8..19b301a  main -> main
[Sat Jun 20 17:25:01 CDT 2026] Pushed to GitHub.
[main 450b30b] Auto-save: 2026-06-20 17:25:06
 1 file changed, 5 insertions(+)
To github.com:chrisl18rel/scale-builder.git
   19b301a..450b30b  main -> main
[Sat Jun 20 17:25:07 CDT 2026] Pushed to GitHub.
[main 593c2d1] Auto-save: 2026-06-20 17:25:12
 1 file changed, 5 insertions(+)
To github.com:chrisl18rel/scale-builder.git
   450b30b..593c2d1  main -> main
[Sat Jun 20 17:25:14 CDT 2026] Pushed to GitHub.
[main 12c1fd2] Auto-save: 2026-06-20 17:25:19
 1 file changed, 5 insertions(+)
To github.com:chrisl18rel/scale-builder.git
   593c2d1..12c1fd2  main -> main
[Sat Jun 20 17:25:20 CDT 2026] Pushed to GitHub.
[main 1216f1e] Auto-save: 2026-06-20 17:25:28
 1 file changed, 5 insertions(+)
To github.com:chrisl18rel/scale-builder.git
   12c1fd2..1216f1e  main -> main
[Sat Jun 20 17:25:29 CDT 2026] Pushed to GitHub.
[main 4acc99e] Auto-save: 2026-06-20 17:25:54
 1 file changed, 5 insertions(+)
To github.com:chrisl18rel/scale-builder.git
   1216f1e..4acc99e  main -> main
[Sat Jun 20 17:25:55 CDT 2026] Pushed to GitHub.
[main 0d3b1cb] Auto-save: 2026-06-20 17:26:27
 1 file changed, 5 insertions(+)
To github.com:chrisl18rel/scale-builder.git
   4acc99e..0d3b1cb  main -> main
[Sat Jun 20 17:26:34 CDT 2026] Pushed to GitHub.
[main c67fede] Auto-save: 2026-06-20 17:26:52
 1 file changed, 5 insertions(+)
To github.com:chrisl18rel/scale-builder.git
   0d3b1cb..c67fede  main -> main
[Sat Jun 20 17:26:57 CDT 2026] Pushed to GitHub.
[main dcbb287] Auto-save: 2026-06-20 17:27:05
 1 file changed, 5 insertions(+)
To github.com:chrisl18rel/scale-builder.git
   c67fede..dcbb287  main -> main
[Sat Jun 20 17:27:06 CDT 2026] Pushed to GitHub.
[main 33adff6] Auto-save: 2026-06-20 17:27:32
 1 file changed, 5 insertions(+)
To github.com:chrisl18rel/scale-builder.git
   dcbb287..33adff6  main -> main
[Sat Jun 20 17:27:33 CDT 2026] Pushed to GitHub.
[main 1567276] Auto-save: 2026-06-20 17:28:12
 1 file changed, 5 insertions(+)
To github.com:chrisl18rel/scale-builder.git
   33adff6..1567276  main -> main
[Sat Jun 20 17:28:19 CDT 2026] Pushed to GitHub.
[main b998ab1] Auto-save: 2026-06-20 17:28:30
 1 file changed, 5 insertions(+)
To github.com:chrisl18rel/scale-builder.git
   1567276..b998ab1  main -> main
[Sat Jun 20 17:28:40 CDT 2026] Pushed to GitHub.
[main 5104d3a] Auto-save: 2026-06-20 17:28:55
 1 file changed, 5 insertions(+)
To github.com:chrisl18rel/scale-builder.git
   b998ab1..5104d3a  main -> main
[Sat Jun 20 17:28:58 CDT 2026] Pushed to GitHub.
[main 135de73] Auto-save: 2026-06-20 17:29:04
 1 file changed, 5 insertions(+)
To github.com:chrisl18rel/scale-builder.git
   5104d3a..135de73  main -> main
[Sat Jun 20 17:29:05 CDT 2026] Pushed to GitHub.
[main 3cd091d] Auto-save: 2026-06-20 17:29:10
 1 file changed, 5 insertions(+)
To github.com:chrisl18rel/scale-builder.git
   135de73..3cd091d  main -> main
[Sat Jun 20 17:29:11 CDT 2026] Pushed to GitHub.
[main 29c358f] Auto-save: 2026-06-20 17:29:16
 1 file changed, 5 insertions(+)
To github.com:chrisl18rel/scale-builder.git
   3cd091d..29c358f  main -> main
[Sat Jun 20 17:29:17 CDT 2026] Pushed to GitHub.
[main 4d0a12f] Auto-save: 2026-06-20 17:29:22
 1 file changed, 5 insertions(+)
To github.com:chrisl18rel/scale-builder.git
   29c358f..4d0a12f  main -> main
[Sat Jun 20 17:29:23 CDT 2026] Pushed to GitHub.
[main 8fad5ff] Auto-save: 2026-06-20 17:29:59
 1 file changed, 5 insertions(+)
To github.com:chrisl18rel/scale-builder.git
   4d0a12f..8fad5ff  main -> main
[Sat Jun 20 17:30:29 CDT 2026] Pushed to GitHub.
[main 28afd87] Auto-save: 2026-06-20 17:30:34
 1 file changed, 5 insertions(+)
To github.com:chrisl18rel/scale-builder.git
   8fad5ff..28afd87  main -> main
[Sat Jun 20 17:30:35 CDT 2026] Pushed to GitHub.
[main 4f782a2] Auto-save: 2026-06-20 17:30:40
 1 file changed, 5 insertions(+)
To github.com:chrisl18rel/scale-builder.git
   28afd87..4f782a2  main -> main
[Sat Jun 20 17:30:41 CDT 2026] Pushed to GitHub.
[main ef4c192] Auto-save: 2026-06-20 17:30:56
 1 file changed, 5 insertions(+)
To github.com:chrisl18rel/scale-builder.git
   4f782a2..ef4c192  main -> main
[Sat Jun 20 17:30:57 CDT 2026] Pushed to GitHub.
[main da23c51] Auto-save: 2026-06-20 17:31:17
 1 file changed, 5 insertions(+)
To github.com:chrisl18rel/scale-builder.git
   ef4c192..da23c51  main -> main
[Sat Jun 20 17:31:19 CDT 2026] Pushed to GitHub.
[main ca0a7e6] Auto-save: 2026-06-20 17:31:50
 1 file changed, 5 insertions(+)
To github.com:chrisl18rel/scale-builder.git
   da23c51..ca0a7e6  main -> main
[Sat Jun 20 17:32:01 CDT 2026] Pushed to GitHub.
[main c96ef15] Auto-save: 2026-06-20 17:32:06
 1 file changed, 5 insertions(+)
To github.com:chrisl18rel/scale-builder.git
   ca0a7e6..c96ef15  main -> main
[Sat Jun 20 17:32:07 CDT 2026] Pushed to GitHub.
[main 357cd00] Auto-save: 2026-06-20 17:32:30
 1 file changed, 5 insertions(+)
To github.com:chrisl18rel/scale-builder.git
   c96ef15..357cd00  main -> main
[Sat Jun 20 17:32:31 CDT 2026] Pushed to GitHub.
[main e83ca0b] Auto-save: 2026-06-20 17:33:24
 1 file changed, 5 insertions(+)
To github.com:chrisl18rel/scale-builder.git
   357cd00..e83ca0b  main -> main
[Sat Jun 20 17:33:56 CDT 2026] Pushed to GitHub.
[main 6cf5f69] Auto-save: 2026-06-20 17:34:26
 1 file changed, 5 insertions(+)
To github.com:chrisl18rel/scale-builder.git
   e83ca0b..6cf5f69  main -> main
[Sat Jun 20 17:34:38 CDT 2026] Pushed to GitHub.
[main 1aebafc] Auto-save: 2026-06-20 17:35:06
 1 file changed, 5 insertions(+)
To github.com:chrisl18rel/scale-builder.git
   6cf5f69..1aebafc  main -> main
[Sat Jun 20 17:35:14 CDT 2026] Pushed to GitHub.
[main 9df8563] Auto-save: 2026-06-20 17:35:20
 1 file changed, 5 insertions(+)
To github.com:chrisl18rel/scale-builder.git
   1aebafc..9df8563  main -> main
[Sat Jun 20 17:35:21 CDT 2026] Pushed to GitHub.
[main 1bb6cb9] Auto-save: 2026-06-20 17:35:26
 1 file changed, 5 insertions(+)
To github.com:chrisl18rel/scale-builder.git
   9df8563..1bb6cb9  main -> main
[Sat Jun 20 17:35:27 CDT 2026] Pushed to GitHub.
[main 7a921be] Auto-save: 2026-06-20 17:35:45
 1 file changed, 5 insertions(+)
To github.com:chrisl18rel/scale-builder.git
   1bb6cb9..7a921be  main -> main
[Sat Jun 20 17:35:53 CDT 2026] Pushed to GitHub.
[main 231a915] Auto-save: 2026-06-20 17:35:58
 1 file changed, 5 insertions(+)
To github.com:chrisl18rel/scale-builder.git
   7a921be..231a915  main -> main
[Sat Jun 20 17:36:00 CDT 2026] Pushed to GitHub.
[main 2e95b38] Auto-save: 2026-06-20 17:36:05
 1 file changed, 5 insertions(+)
To github.com:chrisl18rel/scale-builder.git
   231a915..2e95b38  main -> main
[Sat Jun 20 17:36:06 CDT 2026] Pushed to GitHub.
[main ccb5269] Auto-save: 2026-06-20 17:37:08
 1 file changed, 5 insertions(+)
To github.com:chrisl18rel/scale-builder.git
   2e95b38..ccb5269  main -> main
[Sat Jun 20 17:37:24 CDT 2026] Pushed to GitHub.
[main 69b181c] Auto-save: 2026-06-20 17:37:29
 1 file changed, 5 insertions(+)
To github.com:chrisl18rel/scale-builder.git
   ccb5269..69b181c  main -> main
[Sat Jun 20 17:37:30 CDT 2026] Pushed to GitHub.
[main a656dda] Auto-save: 2026-06-20 17:37:35
 1 file changed, 5 insertions(+)
To github.com:chrisl18rel/scale-builder.git
   69b181c..a656dda  main -> main
[Sat Jun 20 17:37:37 CDT 2026] Pushed to GitHub.
[main a04945a] Auto-save: 2026-06-20 17:37:50
 1 file changed, 5 insertions(+)
To github.com:chrisl18rel/scale-builder.git
   a656dda..a04945a  main -> main
[Sat Jun 20 17:37:51 CDT 2026] Pushed to GitHub.
[main 71943d6] Auto-save: 2026-06-20 17:38:07
 1 file changed, 5 insertions(+)
To github.com:chrisl18rel/scale-builder.git
   a04945a..71943d6  main -> main
[Sat Jun 20 17:38:08 CDT 2026] Pushed to GitHub.
[main a11fc99] Auto-save: 2026-06-20 17:39:31
 1 file changed, 5 insertions(+)
To github.com:chrisl18rel/scale-builder.git
   71943d6..a11fc99  main -> main
[Sat Jun 20 17:39:46 CDT 2026] Pushed to GitHub.
[main 39f4b06] Auto-save: 2026-06-20 17:39:51
 1 file changed, 5 insertions(+)
To github.com:chrisl18rel/scale-builder.git
   a11fc99..39f4b06  main -> main
[Sat Jun 20 17:39:52 CDT 2026] Pushed to GitHub.
[main 0807ec7] Auto-save: 2026-06-20 17:39:57
 1 file changed, 5 insertions(+)
To github.com:chrisl18rel/scale-builder.git
   39f4b06..0807ec7  main -> main
[Sat Jun 20 17:39:59 CDT 2026] Pushed to GitHub.
[main 2d8785a] Auto-save: 2026-06-20 17:40:04
 1 file changed, 5 insertions(+)
To github.com:chrisl18rel/scale-builder.git
   0807ec7..2d8785a  main -> main
[Sat Jun 20 17:40:05 CDT 2026] Pushed to GitHub.
[main c605ce4] Auto-save: 2026-06-20 17:40:10
 1 file changed, 5 insertions(+)
To github.com:chrisl18rel/scale-builder.git
   2d8785a..c605ce4  main -> main
[Sat Jun 20 17:40:11 CDT 2026] Pushed to GitHub.
[main 4b9a234] Auto-save: 2026-06-20 17:40:19
 1 file changed, 5 insertions(+)
To github.com:chrisl18rel/scale-builder.git
   c605ce4..4b9a234  main -> main
[Sat Jun 20 17:40:20 CDT 2026] Pushed to GitHub.
[main e3b92eb] Auto-save: 2026-06-20 17:41:10
 1 file changed, 5 insertions(+)
To github.com:chrisl18rel/scale-builder.git
   4b9a234..e3b92eb  main -> main
[Sat Jun 20 17:41:23 CDT 2026] Pushed to GitHub.
[main 158a660] Auto-save: 2026-06-20 17:41:38
 1 file changed, 5 insertions(+)
To github.com:chrisl18rel/scale-builder.git
   e3b92eb..158a660  main -> main
[Sat Jun 20 17:41:39 CDT 2026] Pushed to GitHub.
[main 4aeb480] Auto-save: 2026-06-20 17:41:56
 1 file changed, 5 insertions(+)
To github.com:chrisl18rel/scale-builder.git
   158a660..4aeb480  main -> main
[Sat Jun 20 17:41:57 CDT 2026] Pushed to GitHub.
[main 68ccae9] Auto-save: 2026-06-20 17:42:07
 1 file changed, 5 insertions(+)
To github.com:chrisl18rel/scale-builder.git
   4aeb480..68ccae9  main -> main
[Sat Jun 20 17:42:08 CDT 2026] Pushed to GitHub.
[main 1266efc] Auto-save: 2026-06-20 17:42:18
 1 file changed, 5 insertions(+)
To github.com:chrisl18rel/scale-builder.git
   68ccae9..1266efc  main -> main
[Sat Jun 20 17:42:19 CDT 2026] Pushed to GitHub.
[main d333af0] Auto-save: 2026-06-20 17:42:29
 1 file changed, 5 insertions(+)
To github.com:chrisl18rel/scale-builder.git
   1266efc..d333af0  main -> main
[Sat Jun 20 17:42:30 CDT 2026] Pushed to GitHub.
[main 3c82ac3] Auto-save: 2026-06-20 17:42:37
 1 file changed, 5 insertions(+)
To github.com:chrisl18rel/scale-builder.git
   d333af0..3c82ac3  main -> main
[Sat Jun 20 17:42:39 CDT 2026] Pushed to GitHub.
[main facef97] Auto-save: 2026-06-20 17:42:58
 1 file changed, 5 insertions(+)
To github.com:chrisl18rel/scale-builder.git
   3c82ac3..facef97  main -> main
[Sat Jun 20 17:42:59 CDT 2026] Pushed to GitHub.
[main ef34a3d] Auto-save: 2026-06-20 17:43:43
 1 file changed, 5 insertions(+)
To github.com:chrisl18rel/scale-builder.git
   facef97..ef34a3d  main -> main
[Sat Jun 20 17:43:46 CDT 2026] Pushed to GitHub.
[main caaec0d] Auto-save: 2026-06-20 17:43:51
 1 file changed, 5 insertions(+)
To github.com:chrisl18rel/scale-builder.git
   ef34a3d..caaec0d  main -> main
[Sat Jun 20 17:43:52 CDT 2026] Pushed to GitHub.
[main fc50ec2] Auto-save: 2026-06-20 17:43:57
 1 file changed, 5 insertions(+)
To github.com:chrisl18rel/scale-builder.git
   caaec0d..fc50ec2  main -> main
[Sat Jun 20 17:43:58 CDT 2026] Pushed to GitHub.
[main 7ffc160] Auto-save: 2026-06-20 17:44:22
 1 file changed, 5 insertions(+)
To github.com:chrisl18rel/scale-builder.git
   fc50ec2..7ffc160  main -> main
[Sat Jun 20 17:44:26 CDT 2026] Pushed to GitHub.
[main c39bded] Auto-save: 2026-06-20 17:44:45
 1 file changed, 5 insertions(+)
To github.com:chrisl18rel/scale-builder.git
   7ffc160..c39bded  main -> main
[Sat Jun 20 17:44:48 CDT 2026] Pushed to GitHub.
[main dc52af1] Auto-save: 2026-06-20 17:44:53
 1 file changed, 5 insertions(+)
To github.com:chrisl18rel/scale-builder.git
   c39bded..dc52af1  main -> main
[Sat Jun 20 17:44:54 CDT 2026] Pushed to GitHub.
[main 8c2f670] Auto-save: 2026-06-20 17:45:00
 1 file changed, 5 insertions(+)
To github.com:chrisl18rel/scale-builder.git
   dc52af1..8c2f670  main -> main
[Sat Jun 20 17:45:01 CDT 2026] Pushed to GitHub.
[main 7a8aeab] Auto-save: 2026-06-20 17:45:45
 1 file changed, 5 insertions(+)
To github.com:chrisl18rel/scale-builder.git
   8c2f670..7a8aeab  main -> main
[Sat Jun 20 17:45:47 CDT 2026] Pushed to GitHub.
[main 15bd92c] Auto-save: 2026-06-20 17:45:52
 1 file changed, 5 insertions(+)
To github.com:chrisl18rel/scale-builder.git
   7a8aeab..15bd92c  main -> main
[Sat Jun 20 17:45:53 CDT 2026] Pushed to GitHub.
[main 1239590] Auto-save: 2026-06-20 17:45:58
 1 file changed, 5 insertions(+)
To github.com:chrisl18rel/scale-builder.git
   15bd92c..1239590  main -> main
[Sat Jun 20 17:45:59 CDT 2026] Pushed to GitHub.
[main c2c31be] Auto-save: 2026-06-20 17:46:27
 1 file changed, 5 insertions(+)
To github.com:chrisl18rel/scale-builder.git
   1239590..c2c31be  main -> main
[Sat Jun 20 17:46:45 CDT 2026] Pushed to GitHub.
[main 227121d] Auto-save: 2026-06-20 17:46:50
 1 file changed, 5 insertions(+)
To github.com:chrisl18rel/scale-builder.git
   c2c31be..227121d  main -> main
[Sat Jun 20 17:46:52 CDT 2026] Pushed to GitHub.
[main 2995941] Auto-save: 2026-06-20 17:47:09
 1 file changed, 5 insertions(+)
To github.com:chrisl18rel/scale-builder.git
   227121d..2995941  main -> main
[Sat Jun 20 17:47:10 CDT 2026] Pushed to GitHub.
[main c7b04ca] Auto-save: 2026-06-20 17:47:38
 1 file changed, 5 insertions(+)
To github.com:chrisl18rel/scale-builder.git
   2995941..c7b04ca  main -> main
[Sat Jun 20 17:47:39 CDT 2026] Pushed to GitHub.
[main 44dd3df] Auto-save: 2026-06-20 17:47:50
 1 file changed, 5 insertions(+)
To github.com:chrisl18rel/scale-builder.git
   c7b04ca..44dd3df  main -> main
[Sat Jun 20 17:47:51 CDT 2026] Pushed to GitHub.
[main 103730e] Auto-save: 2026-06-20 17:48:04
 1 file changed, 5 insertions(+)
To github.com:chrisl18rel/scale-builder.git
   44dd3df..103730e  main -> main
[Sat Jun 20 17:48:05 CDT 2026] Pushed to GitHub.
[main b4854aa] Auto-save: 2026-06-20 17:48:20
 1 file changed, 5 insertions(+)
To github.com:chrisl18rel/scale-builder.git
   103730e..b4854aa  main -> main
[Sat Jun 20 17:48:21 CDT 2026] Pushed to GitHub.
[main a01e7bb] Auto-save: 2026-06-20 17:49:01
 1 file changed, 5 insertions(+)
To github.com:chrisl18rel/scale-builder.git
   b4854aa..a01e7bb  main -> main
[Sat Jun 20 17:49:15 CDT 2026] Pushed to GitHub.
[main b6abab0] Auto-save: 2026-06-20 17:49:20
 1 file changed, 5 insertions(+)
To github.com:chrisl18rel/scale-builder.git
   a01e7bb..b6abab0  main -> main
[Sat Jun 20 17:49:21 CDT 2026] Pushed to GitHub.
[main 4f025d2] Auto-save: 2026-06-20 17:49:26
 1 file changed, 5 insertions(+)
To github.com:chrisl18rel/scale-builder.git
   b6abab0..4f025d2  main -> main
[Sat Jun 20 17:49:27 CDT 2026] Pushed to GitHub.
[main eed7e4d] Auto-save: 2026-06-20 17:49:32
 1 file changed, 5 insertions(+)
To github.com:chrisl18rel/scale-builder.git
   4f025d2..eed7e4d  main -> main
[Sat Jun 20 17:49:34 CDT 2026] Pushed to GitHub.
[main 45153b8] Auto-save: 2026-06-20 17:49:46
 1 file changed, 5 insertions(+)
To github.com:chrisl18rel/scale-builder.git
   eed7e4d..45153b8  main -> main
[Sat Jun 20 17:50:05 CDT 2026] Pushed to GitHub.
[main ea84d1c] Auto-save: 2026-06-20 17:50:15
 1 file changed, 5 insertions(+)
To github.com:chrisl18rel/scale-builder.git
   45153b8..ea84d1c  main -> main
[Sat Jun 20 17:50:26 CDT 2026] Pushed to GitHub.
[main 04b1171] Auto-save: 2026-06-20 17:50:31
 1 file changed, 5 insertions(+)
To github.com:chrisl18rel/scale-builder.git
   ea84d1c..04b1171  main -> main
[Sat Jun 20 17:50:32 CDT 2026] Pushed to GitHub.
[main a9485af] Auto-save: 2026-06-20 17:50:37
 1 file changed, 5 insertions(+)
To github.com:chrisl18rel/scale-builder.git
   04b1171..a9485af  main -> main
[Sat Jun 20 17:50:38 CDT 2026] Pushed to GitHub.
[main aec8fa0] Auto-save: 2026-06-20 17:50:43
 1 file changed, 5 insertions(+)
To github.com:chrisl18rel/scale-builder.git
   a9485af..aec8fa0  main -> main
[Sat Jun 20 17:50:44 CDT 2026] Pushed to GitHub.
[main 58e89c7] Auto-save: 2026-06-20 17:50:49
 1 file changed, 5 insertions(+)
To github.com:chrisl18rel/scale-builder.git
   aec8fa0..58e89c7  main -> main
[Sat Jun 20 17:50:51 CDT 2026] Pushed to GitHub.
[main a31c5f8] Auto-save: 2026-06-20 17:50:56
 1 file changed, 5 insertions(+)
To github.com:chrisl18rel/scale-builder.git
   58e89c7..a31c5f8  main -> main
[Sat Jun 20 17:50:57 CDT 2026] Pushed to GitHub.
[main ac6d70f] Auto-save: 2026-06-20 17:51:02
 1 file changed, 5 insertions(+)
To github.com:chrisl18rel/scale-builder.git
   a31c5f8..ac6d70f  main -> main
[Sat Jun 20 17:51:03 CDT 2026] Pushed to GitHub.
[main 938cecf] Auto-save: 2026-06-20 17:51:16
 1 file changed, 5 insertions(+)
To github.com:chrisl18rel/scale-builder.git
   ac6d70f..938cecf  main -> main
[Sat Jun 20 17:51:38 CDT 2026] Pushed to GitHub.
[main cd4c1b9] Auto-save: 2026-06-20 17:51:44
 1 file changed, 5 insertions(+)
To github.com:chrisl18rel/scale-builder.git
   938cecf..cd4c1b9  main -> main
[Sat Jun 20 17:51:47 CDT 2026] Pushed to GitHub.
[main e78083e] Auto-save: 2026-06-20 17:51:52
 1 file changed, 5 insertions(+)
To github.com:chrisl18rel/scale-builder.git
   cd4c1b9..e78083e  main -> main
[Sat Jun 20 17:51:53 CDT 2026] Pushed to GitHub.
[main 44cf25d] Auto-save: 2026-06-20 17:51:58
 1 file changed, 5 insertions(+)
To github.com:chrisl18rel/scale-builder.git
   e78083e..44cf25d  main -> main
[Sat Jun 20 17:51:59 CDT 2026] Pushed to GitHub.
[main 0f55c57] Auto-save: 2026-06-20 17:52:14
 1 file changed, 5 insertions(+)
To github.com:chrisl18rel/scale-builder.git
   44cf25d..0f55c57  main -> main
[Sat Jun 20 17:52:40 CDT 2026] Pushed to GitHub.
[main 8b0aa1b] Auto-save: 2026-06-20 17:52:46
 1 file changed, 5 insertions(+)
To github.com:chrisl18rel/scale-builder.git
   0f55c57..8b0aa1b  main -> main
[Sat Jun 20 17:52:53 CDT 2026] Pushed to GitHub.
[main be93abb] Auto-save: 2026-06-20 17:52:58
 1 file changed, 5 insertions(+)
To github.com:chrisl18rel/scale-builder.git
   8b0aa1b..be93abb  main -> main
[Sat Jun 20 17:52:59 CDT 2026] Pushed to GitHub.
[main 959b233] Auto-save: 2026-06-20 17:53:04
 1 file changed, 5 insertions(+)
To github.com:chrisl18rel/scale-builder.git
   be93abb..959b233  main -> main
[Sat Jun 20 17:53:06 CDT 2026] Pushed to GitHub.
[main 81ab1cf] Auto-save: 2026-06-20 17:53:11
 1 file changed, 5 insertions(+)
To github.com:chrisl18rel/scale-builder.git
   959b233..81ab1cf  main -> main
[Sat Jun 20 17:53:12 CDT 2026] Pushed to GitHub.
[main f5674bb] Auto-save: 2026-06-20 17:53:17
 1 file changed, 5 insertions(+)
To github.com:chrisl18rel/scale-builder.git
   81ab1cf..f5674bb  main -> main
[Sat Jun 20 17:53:18 CDT 2026] Pushed to GitHub.
[main 58c6351] Auto-save: 2026-06-20 17:53:30
 1 file changed, 5 insertions(+)
To github.com:chrisl18rel/scale-builder.git
   f5674bb..58c6351  main -> main
[Sat Jun 20 17:53:52 CDT 2026] Pushed to GitHub.
[main 263fd84] Auto-save: 2026-06-20 17:54:00
 1 file changed, 5 insertions(+)
To github.com:chrisl18rel/scale-builder.git
   58c6351..263fd84  main -> main
[Sat Jun 20 17:54:12 CDT 2026] Pushed to GitHub.
[main cae339a] Auto-save: 2026-06-20 17:54:17
 1 file changed, 5 insertions(+)
To github.com:chrisl18rel/scale-builder.git
   263fd84..cae339a  main -> main
[Sat Jun 20 17:54:18 CDT 2026] Pushed to GitHub.
[main 2f9ade7] Auto-save: 2026-06-20 17:54:23
 1 file changed, 5 insertions(+)
To github.com:chrisl18rel/scale-builder.git
   cae339a..2f9ade7  main -> main
[Sat Jun 20 17:54:24 CDT 2026] Pushed to GitHub.
[main 1ac169d] Auto-save: 2026-06-20 17:54:29
 1 file changed, 5 insertions(+)
To github.com:chrisl18rel/scale-builder.git
   2f9ade7..1ac169d  main -> main
[Sat Jun 20 17:54:30 CDT 2026] Pushed to GitHub.
[main bca1c9e] Auto-save: 2026-06-20 17:54:35
 1 file changed, 5 insertions(+)
To github.com:chrisl18rel/scale-builder.git
   1ac169d..bca1c9e  main -> main
[Sat Jun 20 17:54:37 CDT 2026] Pushed to GitHub.
[main 61b0fd8] Auto-save: 2026-06-20 17:54:42
 1 file changed, 5 insertions(+)
To github.com:chrisl18rel/scale-builder.git
   bca1c9e..61b0fd8  main -> main
[Sat Jun 20 17:54:43 CDT 2026] Pushed to GitHub.
[main 23c202a] Auto-save: 2026-06-20 17:54:48
 1 file changed, 5 insertions(+)
To github.com:chrisl18rel/scale-builder.git
   61b0fd8..23c202a  main -> main
[Sat Jun 20 17:54:49 CDT 2026] Pushed to GitHub.
[main 308a751] Auto-save: 2026-06-20 17:54:54
 1 file changed, 5 insertions(+)
To github.com:chrisl18rel/scale-builder.git
   23c202a..308a751  main -> main
[Sat Jun 20 17:54:55 CDT 2026] Pushed to GitHub.
[main 8f4aa33] Auto-save: 2026-06-20 17:55:00
 1 file changed, 5 insertions(+)
To github.com:chrisl18rel/scale-builder.git
   308a751..8f4aa33  main -> main
[Sat Jun 20 17:55:01 CDT 2026] Pushed to GitHub.
[main fccffee] Auto-save: 2026-06-20 17:55:06
 1 file changed, 5 insertions(+)
To github.com:chrisl18rel/scale-builder.git
   8f4aa33..fccffee  main -> main
[Sat Jun 20 17:55:08 CDT 2026] Pushed to GitHub.
[main e23776c] Auto-save: 2026-06-20 17:55:13
 1 file changed, 5 insertions(+)
To github.com:chrisl18rel/scale-builder.git
   fccffee..e23776c  main -> main
[Sat Jun 20 17:55:14 CDT 2026] Pushed to GitHub.
[main 0fbba83] Auto-save: 2026-06-20 17:55:26
 1 file changed, 5 insertions(+)
To github.com:chrisl18rel/scale-builder.git
   e23776c..0fbba83  main -> main
[Sat Jun 20 17:55:48 CDT 2026] Pushed to GitHub.
[main d020c49] Auto-save: 2026-06-20 17:55:55
 1 file changed, 5 insertions(+)
To github.com:chrisl18rel/scale-builder.git
   0fbba83..d020c49  main -> main
[Sat Jun 20 17:56:06 CDT 2026] Pushed to GitHub.
[main d7e4839] Auto-save: 2026-06-20 17:56:11
 1 file changed, 5 insertions(+)
To github.com:chrisl18rel/scale-builder.git
   d020c49..d7e4839  main -> main
[Sat Jun 20 17:56:12 CDT 2026] Pushed to GitHub.
[main 63584a5] Auto-save: 2026-06-20 17:56:17
 1 file changed, 5 insertions(+)
To github.com:chrisl18rel/scale-builder.git
   d7e4839..63584a5  main -> main
[Sat Jun 20 17:56:18 CDT 2026] Pushed to GitHub.
[main b7c0cae] Auto-save: 2026-06-20 17:56:23
 1 file changed, 5 insertions(+)
To github.com:chrisl18rel/scale-builder.git
   63584a5..b7c0cae  main -> main
[Sat Jun 20 17:56:24 CDT 2026] Pushed to GitHub.
[main bcaf1b1] Auto-save: 2026-06-20 17:56:30
 1 file changed, 5 insertions(+)
To github.com:chrisl18rel/scale-builder.git
   b7c0cae..bcaf1b1  main -> main
[Sat Jun 20 17:56:31 CDT 2026] Pushed to GitHub.
[main f8d6c0c] Auto-save: 2026-06-20 17:56:36
 1 file changed, 5 insertions(+)
To github.com:chrisl18rel/scale-builder.git
   bcaf1b1..f8d6c0c  main -> main
[Sat Jun 20 17:56:37 CDT 2026] Pushed to GitHub.
[main 759c1d6] Auto-save: 2026-06-20 17:56:42
 1 file changed, 5 insertions(+)
To github.com:chrisl18rel/scale-builder.git
   f8d6c0c..759c1d6  main -> main
[Sat Jun 20 17:56:43 CDT 2026] Pushed to GitHub.
[main 09b2455] Auto-save: 2026-06-20 17:56:48
 1 file changed, 5 insertions(+)
To github.com:chrisl18rel/scale-builder.git
   759c1d6..09b2455  main -> main
[Sat Jun 20 17:56:49 CDT 2026] Pushed to GitHub.
[main 7b41dc4] Auto-save: 2026-06-20 17:56:54
 1 file changed, 5 insertions(+)
To github.com:chrisl18rel/scale-builder.git
   09b2455..7b41dc4  main -> main
[Sat Jun 20 17:56:55 CDT 2026] Pushed to GitHub.
[main 955fce1] Auto-save: 2026-06-20 17:57:00
 1 file changed, 5 insertions(+)
To github.com:chrisl18rel/scale-builder.git
   7b41dc4..955fce1  main -> main
[Sat Jun 20 17:57:02 CDT 2026] Pushed to GitHub.
[main 82c1578] Auto-save: 2026-06-20 17:57:07
 1 file changed, 5 insertions(+)
To github.com:chrisl18rel/scale-builder.git
   955fce1..82c1578  main -> main
[Sat Jun 20 17:57:08 CDT 2026] Pushed to GitHub.
[main a0e35ff] Auto-save: 2026-06-20 17:57:13
 1 file changed, 5 insertions(+)
To github.com:chrisl18rel/scale-builder.git
   82c1578..a0e35ff  main -> main
[Sat Jun 20 17:57:14 CDT 2026] Pushed to GitHub.
[main 594ea96] Auto-save: 2026-06-20 17:57:19
 1 file changed, 5 insertions(+)
To github.com:chrisl18rel/scale-builder.git
   a0e35ff..594ea96  main -> main
[Sat Jun 20 17:57:20 CDT 2026] Pushed to GitHub.
[main 99f4178] Auto-save: 2026-06-20 17:57:25
 1 file changed, 5 insertions(+)
To github.com:chrisl18rel/scale-builder.git
   594ea96..99f4178  main -> main
[Sat Jun 20 17:57:26 CDT 2026] Pushed to GitHub.
[main be06df5] Auto-save: 2026-06-20 17:57:31
 1 file changed, 5 insertions(+)
To github.com:chrisl18rel/scale-builder.git
   99f4178..be06df5  main -> main
[Sat Jun 20 17:57:33 CDT 2026] Pushed to GitHub.
[main 06d8555] Auto-save: 2026-06-20 17:57:38
 1 file changed, 5 insertions(+)
To github.com:chrisl18rel/scale-builder.git
   be06df5..06d8555  main -> main
[Sat Jun 20 17:57:39 CDT 2026] Pushed to GitHub.
[main 26b180b] Auto-save: 2026-06-20 17:57:44
 1 file changed, 5 insertions(+)
To github.com:chrisl18rel/scale-builder.git
   06d8555..26b180b  main -> main
[Sat Jun 20 17:57:45 CDT 2026] Pushed to GitHub.
[main dac8da1] Auto-save: 2026-06-20 17:57:50
 1 file changed, 5 insertions(+)
To github.com:chrisl18rel/scale-builder.git
   26b180b..dac8da1  main -> main
[Sat Jun 20 17:57:51 CDT 2026] Pushed to GitHub.
[main f2f2834] Auto-save: 2026-06-20 17:57:56
 1 file changed, 5 insertions(+)
To github.com:chrisl18rel/scale-builder.git
   dac8da1..f2f2834  main -> main
[Sat Jun 20 17:57:57 CDT 2026] Pushed to GitHub.
[main cc5d8c6] Auto-save: 2026-06-20 17:58:02
 1 file changed, 5 insertions(+)
To github.com:chrisl18rel/scale-builder.git
   f2f2834..cc5d8c6  main -> main
[Sat Jun 20 17:58:03 CDT 2026] Pushed to GitHub.
[main d820499] Auto-save: 2026-06-20 17:58:08
 1 file changed, 5 insertions(+)
To github.com:chrisl18rel/scale-builder.git
   cc5d8c6..d820499  main -> main
[Sat Jun 20 17:58:10 CDT 2026] Pushed to GitHub.
[main d7a66d0] Auto-save: 2026-06-20 17:58:15
 1 file changed, 5 insertions(+)
To github.com:chrisl18rel/scale-builder.git
   d820499..d7a66d0  main -> main
[Sat Jun 20 17:58:16 CDT 2026] Pushed to GitHub.
[main 9793b7d] Auto-save: 2026-06-20 17:58:21
 1 file changed, 5 insertions(+)
To github.com:chrisl18rel/scale-builder.git
   d7a66d0..9793b7d  main -> main
[Sat Jun 20 17:58:22 CDT 2026] Pushed to GitHub.
[main a380753] Auto-save: 2026-06-20 17:58:27
 1 file changed, 5 insertions(+)
To github.com:chrisl18rel/scale-builder.git
   9793b7d..a380753  main -> main
[Sat Jun 20 17:58:28 CDT 2026] Pushed to GitHub.
[main f8b361a] Auto-save: 2026-06-20 17:58:33
 1 file changed, 5 insertions(+)
To github.com:chrisl18rel/scale-builder.git
   a380753..f8b361a  main -> main
[Sat Jun 20 17:58:34 CDT 2026] Pushed to GitHub.
[main d5d9c68] Auto-save: 2026-06-20 17:58:39
 1 file changed, 5 insertions(+)
To github.com:chrisl18rel/scale-builder.git
   f8b361a..d5d9c68  main -> main
[Sat Jun 20 17:58:40 CDT 2026] Pushed to GitHub.
[main 94573dc] Auto-save: 2026-06-20 17:58:45
 1 file changed, 5 insertions(+)
To github.com:chrisl18rel/scale-builder.git
   d5d9c68..94573dc  main -> main
[Sat Jun 20 17:58:47 CDT 2026] Pushed to GitHub.
[main e34d6b3] Auto-save: 2026-06-20 17:58:52
 1 file changed, 5 insertions(+)
To github.com:chrisl18rel/scale-builder.git
   94573dc..e34d6b3  main -> main
[Sat Jun 20 17:58:53 CDT 2026] Pushed to GitHub.
[main 150735b] Auto-save: 2026-06-20 17:58:58
 1 file changed, 5 insertions(+)
To github.com:chrisl18rel/scale-builder.git
   e34d6b3..150735b  main -> main
[Sat Jun 20 17:58:59 CDT 2026] Pushed to GitHub.
[main 4d014d2] Auto-save: 2026-06-20 17:59:04
 1 file changed, 5 insertions(+)
To github.com:chrisl18rel/scale-builder.git
   150735b..4d014d2  main -> main
[Sat Jun 20 17:59:05 CDT 2026] Pushed to GitHub.
[main 31bcdef] Auto-save: 2026-06-20 17:59:10
 1 file changed, 5 insertions(+)
To github.com:chrisl18rel/scale-builder.git
   4d014d2..31bcdef  main -> main
[Sat Jun 20 17:59:11 CDT 2026] Pushed to GitHub.
[main 662dc21] Auto-save: 2026-06-20 17:59:17
 1 file changed, 5 insertions(+)
To github.com:chrisl18rel/scale-builder.git
   31bcdef..662dc21  main -> main
[Sat Jun 20 17:59:18 CDT 2026] Pushed to GitHub.
[main aee0d26] Auto-save: 2026-06-20 17:59:23
 1 file changed, 5 insertions(+)
To github.com:chrisl18rel/scale-builder.git
   662dc21..aee0d26  main -> main
[Sat Jun 20 17:59:24 CDT 2026] Pushed to GitHub.
[main 524fa48] Auto-save: 2026-06-20 17:59:29
 1 file changed, 5 insertions(+)
To github.com:chrisl18rel/scale-builder.git
   aee0d26..524fa48  main -> main
[Sat Jun 20 17:59:30 CDT 2026] Pushed to GitHub.
[main a46f7cb] Auto-save: 2026-06-20 17:59:35
 1 file changed, 5 insertions(+)
To github.com:chrisl18rel/scale-builder.git
   524fa48..a46f7cb  main -> main
[Sat Jun 20 17:59:36 CDT 2026] Pushed to GitHub.
[main f6520c7] Auto-save: 2026-06-20 17:59:41
 1 file changed, 5 insertions(+)
To github.com:chrisl18rel/scale-builder.git
   a46f7cb..f6520c7  main -> main
[Sat Jun 20 17:59:42 CDT 2026] Pushed to GitHub.
[main 688a539] Auto-save: 2026-06-20 17:59:47
 1 file changed, 5 insertions(+)
To github.com:chrisl18rel/scale-builder.git
   f6520c7..688a539  main -> main
[Sat Jun 20 17:59:49 CDT 2026] Pushed to GitHub.
[main eb9d204] Auto-save: 2026-06-20 17:59:54
 1 file changed, 5 insertions(+)
To github.com:chrisl18rel/scale-builder.git
   688a539..eb9d204  main -> main
[Sat Jun 20 17:59:55 CDT 2026] Pushed to GitHub.
[main 1b9d58e] Auto-save: 2026-06-20 18:00:08
 1 file changed, 5 insertions(+)
To github.com:chrisl18rel/scale-builder.git
   eb9d204..1b9d58e  main -> main
[Sat Jun 20 18:00:47 CDT 2026] Pushed to GitHub.
[main dbf7dba] Auto-save: 2026-06-20 18:00:55
 1 file changed, 5 insertions(+)
To github.com:chrisl18rel/scale-builder.git
   1b9d58e..dbf7dba  main -> main
[Sat Jun 20 18:01:07 CDT 2026] Pushed to GitHub.
[main 25a5afd] Auto-save: 2026-06-20 18:01:12
 1 file changed, 5 insertions(+)
To github.com:chrisl18rel/scale-builder.git
   dbf7dba..25a5afd  main -> main
[Sat Jun 20 18:01:13 CDT 2026] Pushed to GitHub.
[main 4cde17e] Auto-save: 2026-06-20 18:01:18
 1 file changed, 5 insertions(+)
To github.com:chrisl18rel/scale-builder.git
   25a5afd..4cde17e  main -> main
[Sat Jun 20 18:01:20 CDT 2026] Pushed to GitHub.
[main c22224f] Auto-save: 2026-06-20 18:01:25
 1 file changed, 5 insertions(+)
To github.com:chrisl18rel/scale-builder.git
   4cde17e..c22224f  main -> main
[Sat Jun 20 18:01:27 CDT 2026] Pushed to GitHub.
[main 33e6e82] Auto-save: 2026-06-20 18:01:32
 1 file changed, 5 insertions(+)
To github.com:chrisl18rel/scale-builder.git
   c22224f..33e6e82  main -> main
[Sat Jun 20 18:01:33 CDT 2026] Pushed to GitHub.
[main f959f0c] Auto-save: 2026-06-20 18:01:38
 1 file changed, 5 insertions(+)
To github.com:chrisl18rel/scale-builder.git
   33e6e82..f959f0c  main -> main
[Sat Jun 20 18:01:39 CDT 2026] Pushed to GitHub.
[main 458aae6] Auto-save: 2026-06-20 18:01:45
 1 file changed, 5 insertions(+)
To github.com:chrisl18rel/scale-builder.git
   f959f0c..458aae6  main -> main
[Sat Jun 20 18:01:46 CDT 2026] Pushed to GitHub.
[main b1e0ceb] Auto-save: 2026-06-20 18:01:51
 1 file changed, 5 insertions(+)
To github.com:chrisl18rel/scale-builder.git
   458aae6..b1e0ceb  main -> main
[Sat Jun 20 18:01:52 CDT 2026] Pushed to GitHub.
[main ce40855] Auto-save: 2026-06-20 18:01:57
 1 file changed, 5 insertions(+)
To github.com:chrisl18rel/scale-builder.git
   b1e0ceb..ce40855  main -> main
[Sat Jun 20 18:01:59 CDT 2026] Pushed to GitHub.
[main 1cc722f] Auto-save: 2026-06-20 18:02:04
 1 file changed, 5 insertions(+)
To github.com:chrisl18rel/scale-builder.git
   ce40855..1cc722f  main -> main
[Sat Jun 20 18:02:05 CDT 2026] Pushed to GitHub.
[main 6e8d41b] Auto-save: 2026-06-20 18:02:10
 1 file changed, 5 insertions(+)
To github.com:chrisl18rel/scale-builder.git
   1cc722f..6e8d41b  main -> main
[Sat Jun 20 18:02:11 CDT 2026] Pushed to GitHub.
[main 7f51855] Auto-save: 2026-06-20 18:02:17
 1 file changed, 5 insertions(+)
To github.com:chrisl18rel/scale-builder.git
   6e8d41b..7f51855  main -> main
[Sat Jun 20 18:02:18 CDT 2026] Pushed to GitHub.
[main 8afcf2f] Auto-save: 2026-06-20 18:02:23
 1 file changed, 5 insertions(+)
To github.com:chrisl18rel/scale-builder.git
   7f51855..8afcf2f  main -> main
[Sat Jun 20 18:02:25 CDT 2026] Pushed to GitHub.
[main 7678699] Auto-save: 2026-06-20 18:02:30
 1 file changed, 5 insertions(+)
To github.com:chrisl18rel/scale-builder.git
   8afcf2f..7678699  main -> main
[Sat Jun 20 18:02:31 CDT 2026] Pushed to GitHub.
[main ee03727] Auto-save: 2026-06-20 18:02:36
 1 file changed, 5 insertions(+)
To github.com:chrisl18rel/scale-builder.git
   7678699..ee03727  main -> main
[Sat Jun 20 18:02:37 CDT 2026] Pushed to GitHub.
[main 2e45bce] Auto-save: 2026-06-20 18:02:42
 1 file changed, 5 insertions(+)
To github.com:chrisl18rel/scale-builder.git
   ee03727..2e45bce  main -> main
[Sat Jun 20 18:02:44 CDT 2026] Pushed to GitHub.
[main 374b582] Auto-save: 2026-06-20 18:02:49
 1 file changed, 5 insertions(+)
To github.com:chrisl18rel/scale-builder.git
   2e45bce..374b582  main -> main
[Sat Jun 20 18:02:50 CDT 2026] Pushed to GitHub.
[main 38206dc] Auto-save: 2026-06-20 18:02:55
 1 file changed, 5 insertions(+)
To github.com:chrisl18rel/scale-builder.git
   374b582..38206dc  main -> main
[Sat Jun 20 18:02:57 CDT 2026] Pushed to GitHub.
[main 53f69cf] Auto-save: 2026-06-20 18:03:02
 1 file changed, 5 insertions(+)
To github.com:chrisl18rel/scale-builder.git
   38206dc..53f69cf  main -> main
[Sat Jun 20 18:03:04 CDT 2026] Pushed to GitHub.
[main e951fe6] Auto-save: 2026-06-20 18:03:09
 1 file changed, 5 insertions(+)
To github.com:chrisl18rel/scale-builder.git
   53f69cf..e951fe6  main -> main
[Sat Jun 20 18:03:12 CDT 2026] Pushed to GitHub.
[main 770f658] Auto-save: 2026-06-20 18:03:17
 1 file changed, 5 insertions(+)
To github.com:chrisl18rel/scale-builder.git
   e951fe6..770f658  main -> main
[Sat Jun 20 18:03:18 CDT 2026] Pushed to GitHub.
[main 028aaf4] Auto-save: 2026-06-20 18:03:23
 1 file changed, 5 insertions(+)
To github.com:chrisl18rel/scale-builder.git
   770f658..028aaf4  main -> main
[Sat Jun 20 18:03:24 CDT 2026] Pushed to GitHub.
[main a09c434] Auto-save: 2026-06-20 18:03:29
 1 file changed, 5 insertions(+)
To github.com:chrisl18rel/scale-builder.git
   028aaf4..a09c434  main -> main
[Sat Jun 20 18:03:30 CDT 2026] Pushed to GitHub.
[main a1c2e03] Auto-save: 2026-06-20 18:03:35
 1 file changed, 5 insertions(+)
To github.com:chrisl18rel/scale-builder.git
   a09c434..a1c2e03  main -> main
[Sat Jun 20 18:03:36 CDT 2026] Pushed to GitHub.
[main 78e69b1] Auto-save: 2026-06-20 18:03:41
 1 file changed, 5 insertions(+)
To github.com:chrisl18rel/scale-builder.git
   a1c2e03..78e69b1  main -> main
[Sat Jun 20 18:03:43 CDT 2026] Pushed to GitHub.
[main 80aa8b0] Auto-save: 2026-06-20 18:03:48
 1 file changed, 5 insertions(+)
To github.com:chrisl18rel/scale-builder.git
   78e69b1..80aa8b0  main -> main
[Sat Jun 20 18:03:49 CDT 2026] Pushed to GitHub.
[main 7332f20] Auto-save: 2026-06-20 18:03:54
 1 file changed, 5 insertions(+)
To github.com:chrisl18rel/scale-builder.git
   80aa8b0..7332f20  main -> main
[Sat Jun 20 18:03:55 CDT 2026] Pushed to GitHub.
[main 6221ec8] Auto-save: 2026-06-20 18:04:00
 1 file changed, 5 insertions(+)
To github.com:chrisl18rel/scale-builder.git
   7332f20..6221ec8  main -> main
[Sat Jun 20 18:04:02 CDT 2026] Pushed to GitHub.
[main c58682b] Auto-save: 2026-06-20 18:04:07
 1 file changed, 5 insertions(+)
To github.com:chrisl18rel/scale-builder.git
   6221ec8..c58682b  main -> main
[Sat Jun 20 18:04:08 CDT 2026] Pushed to GitHub.
[main bdff5b7] Auto-save: 2026-06-20 18:04:13
 1 file changed, 5 insertions(+)
To github.com:chrisl18rel/scale-builder.git
   c58682b..bdff5b7  main -> main
[Sat Jun 20 18:04:14 CDT 2026] Pushed to GitHub.
[main 0cb1102] Auto-save: 2026-06-20 18:04:19
 1 file changed, 5 insertions(+)
To github.com:chrisl18rel/scale-builder.git
   bdff5b7..0cb1102  main -> main
[Sat Jun 20 18:04:20 CDT 2026] Pushed to GitHub.
[main a60a5c8] Auto-save: 2026-06-20 18:04:25
 1 file changed, 5 insertions(+)
To github.com:chrisl18rel/scale-builder.git
   0cb1102..a60a5c8  main -> main
[Sat Jun 20 18:04:27 CDT 2026] Pushed to GitHub.
